id,gen,matron_id,sire_id,birthdate,genes,name
498000,8,488683,464848,2018-02-05 04:47:26,a99c 8726 2a4a 1fcc 6418 28d7 fbm7 g481 3286 7118 gdab fe22,
498001,4,486130,433147,2018-02-05 04:49:48,c9d9 2782 f72a 4fam 1d8d 2d72 5cee g551 7k2j 6187 bdbg egef,
498002,19,370858,359709,2018-02-05 04:50:15,ac9d 85kk 4f4f ag99 4646 7375 7bce 7b7h 4586 2236 dggf abda,
498003,11,273060,397156,2018-02-05 04:52:36,99dd 8687 7f24 f9mb 1686 18h5 ebe9 654h 6k7j 3662 fdda egec,
498004,14,497815,492135,2018-02-05 04:54:29,addd 558j a4a4 gg14 d6d6 472k d9md g5rr eg6o 4443 d4ng caga,
498005,5,497936,493605,2018-02-05 04:55:15,9daa 85k7 4222 g911 3814 7477 bbme 685r 427e 3476 bggg gged,
498006,19,425296,486154,2018-02-05 04:55:15,dcda 7755 2222 a4pa 6664 7737 bfcd b4bb 7787 8868 ffaf efaa,
498007,11,494922,495873,2018-02-05 04:55:25,a9cc 6862 a722 a44a 4888 7771 emmm 555r 58oe 4826 bn6n fbbb,
498008,14,488270,440043,2018-02-05 04:55:44,caad 5577 7242 gfga 14d8 8573 ff77 56j7 68ii 4273 g9aa gcbb,
498009,1,411960,450568,2018-02-05 04:55:51,cc9m 6275 a77f a1a4 6d81 2585 eb7d 512b 7388 6781 ddba ge2o,
498011,8,484770,484769,2018-02-05 04:56:52,ad9m 58k7 227a g9bf 187d 2424 97ef 165j 7628 142h dggd adea,
498012,8,483420,475144,2018-02-05 04:58:39,daca 2656 f2f4 4f9a 86dd 1137 9fbb b6j5 4666 4284 gbnc gdfa,
498013,24,491452,491510,2018-02-05 04:58:39,adcd 7522 4faf gf9n 366i 1485 cee9 1r55 368g 7866 d8gg bd22,
498014,5,492108,497801,2018-02-05 04:58:39,cc9m 7558 7f2f 9bff 3641 2734 7b7m 6g5r 23ee 398i bfdn 2gbg,
498016,20,487836,497416,2018-02-05 05:06:47,dadd k622 aaa4 ggc1 7d6k 48d2 9575 b516 66ed 8694 8bd8 bed2,
498017,7,456912,259100,2018-02-05 05:10:02,dacd 5622 f42a aab4 6111 8557 f9d7 b174 276k 8k84 gdfg 2egg,
498018,1,422634,441726,2018-02-05 05:10:11,ac99 872k f22f b9af 8638 5147 bd9f f5b5 856k 372k bdag geeg,
498019,1,497067,497038,2018-02-05 05:11:50,9ddd 6275 47fa 2afc 7dd6 28d4 d695 ggg5 dddo ca94 6484 111g,
498020,18,497615,492052,2018-02-05 05:18:09,da9d 2768 f724 1f9a 4311 2184 7ef6 12gr 66e8 8416 n9n4 ebeg,
498021,14,494915,483384,2018-02-05 05:18:25,acdc 6755 444f agaf d461 1857 dd7b 2562 68k8 36k3 9fdn dneb,
498022,1,495372,495013,2018-02-05 05:21:29,cadd 2872 72a4 2gcg d636 fbbb d5ee 8856 e8ed aacc b488 1114,
498024,2,496351,456756,2018-02-05 05:22:08,ccdc 287k a4aa fca1 1148 db4f bf9b 6b67 8828 8849 69db dca2,
498025,5,497445,490558,2018-02-05 05:23:16,cc9a 857k 2a2a a4gp 16d4 82d2 ef7m b5gr 44g2 94i8 bacd 2ege,
498026,4,495621,487528,2018-02-05 05:24:53,adaa 28j5 4a6a acac 1631 df12 9cod b6gf 626o 6171 8d6b bbe1,
498027,4,496969,329660,2018-02-05 05:25:46,9cda 8k57 a4fa gg14 d163 5bd3 edda 7775 6488 a894 4bbg bf44,
498028,6,495231,496058,2018-02-05 05:33:58,a99c 5552 4277 9a2a 6666 4141 6ffm g1bk 7626 7384 bgfd 2de2,
498030,2,497048,496831,2018-02-05 05:36:43,acaa 8882 7674 a921 d666 f8fb e6ed 8g8g de8e 84ac 98bd 11g4,
498031,4,496300,478826,2018-02-05 05:38:56,dcda 28k6 f6a2 2ca4 6d18 4117 ee6o gb11 g762 a9m9 6884 2gg1,
498032,3,497670,491975,2018-02-05 05:42:33,9ddc 587j 2472 cgg4 d6d3 4f4b c56e bg66 2dg2 911c b948 1222,
498033,6,497631,476262,2018-02-05 05:44:51,dcc9 2766 fa42 f4cf d868 d42d 7765 5656 6g4r 1276 66dd d2oc,
498034,5,497963,498001,2018-02-05 05:46:55,a9c9 2788 7f22 4cma 1ddd d27d ccee g651 ge2j 7887 bdbb ege1,
498035,2,495143,496790,2018-02-05 05:49:41,a99d 285j 4fa2 22cf 3638 434b 69d5 bg5j de22 7816 d886 gge2,
498037,12,497909,493855,2018-02-05 05:53:13,a99d 5755 4226 91a4 1644 724k 5em9 16rr 75ee 282i d68n egcf,
498038,3,496823,496646,2018-02-05 05:53:53,cad9 5868 2af4 4gcf d68d 7715 cd79 552h e288 8664 bdg8 g2hg,
498039,22,491459,497641,2018-02-05 05:54:13,ca9a 7j67 a4ff 9bab 368i 157d 9deo b1br 42d3 3967 9n9g 2dn2,
498040,11,485509,411958,2018-02-05 05:56:07,9d9c 857j 244a gffg 1681 245k ece7 6f1b 7748 6324 d9ma dpof,
498041,8,443151,309757,2018-02-05 05:56:53,cd9d 667k 2af7 19f4 3441 5373 bfcd 127j 778k 4626 fbgd aaaa,
498042,10,497281,497693,2018-02-05 05:56:53,9amd 672j 744a cccf 3186 44db 766e ggbg g88d 3891 84db e222,
498043,6,498034,497838,2018-02-05 06:00:06,ac9d 2788 7f42 9m1c dd1d 4d7d fbbe g751 ge2j 788k dbbb gde1,
498044,2,496786,496849,2018-02-05 06:01:25,cd9a 6758 ff77 41fa 66d6 fddb bc59 8614 5848 a796 864a b144,
498045,26,488645,483613,2018-02-05 06:01:29,a9ac 6865 44f4 a9m1 1181 1272 7fab 11bb 36gg 8982 cad4 ddt2,
498046,2,449276,446182,2018-02-05 06:01:29,a9dc 7786 7a42 1a1f dd6d 3121 ebdo bb52 5766 6368 gbbb gg22,
498047,6,497572,474102,2018-02-05 06:05:39,ddcd 7856 2f72 f24c d1d8 1d47 5775 6565 d632 133k gbf8 2ecd,
498048,9,490268,442130,2018-02-05 06:05:48,addd 8562 27af afba 6841 4373 bcfs 755b 3744 3874 dcag cgtd,
498050,1,497202,495850,2018-02-05 06:06:38,9c9c 5265 677a acac d611 4bbd 6b57 61g8 e68e ac99 4448 14g4,
498051,5,497659,493808,2018-02-05 06:07:12,999a 2567 a26a fbap d34k fbb2 99de 6615 e62e 9799 4b4d degh,
498052,1,374858,451933,2018-02-05 06:07:48,dacd 5628 77aa 9ff4 d884 2124 bfed fb52 8567 8681 baab ggdg,
498053,13,215582,59613,2018-02-05 06:09:00,acc9 8865 a427 b1gb 6666 8757 cf79 2262 6886 4677 a9g9 fdfd,
498054,8,492829,479567,2018-02-05 06:09:10,daa9 8757 42a4 944g 86d1 2287 f777 b5jj 4747 3787 fgfd dffo,
498055,2,487844,454490,2018-02-05 06:09:43,ca9d 52j6 22a7 agba 6331 2722 db7d f6b5 767g 13ih 9abd eggg,
498056,7,468006,323316,2018-02-05 06:14:55,c9c9 5786 f772 g1bp 6144 55k5 77e7 b764 58k8 4788 9dfd acaa,
498057,18,497234,494992,2018-02-05 06:14:55,99dc 8686 f24f a41p 1d6d 8828 emmm g6rr 2e2e 8472 an4n gf2a,
498058,2,488832,481202,2018-02-05 06:15:14,dadd 7276 2ff4 cag1 6336 fb48 d776 158b 68d6 9986 9888 eb22,
498059,1,497623,486100,2018-02-05 06:18:58,ccaa 5727 f277 99gc 613d bdb4 6667 bg1b dd2o 1799 49d8 41g1,
498060,5,496853,488480,2018-02-05 06:20:40,dd9a 2755 2f2f a4ff 8d48 8143 999m gr25 5g8k 946i 86an cbdg,
498061,14,495011,497530,2018-02-05 06:21:07,a9cd 65k2 a47f 9baa 416d 7728 eame 5f17 6844 191i gf9n boda,
498063,8,484770,484769,2018-02-05 06:29:35,ad99 5k87 a24a abf9 837d 5h44 99ef 7655 6878 718h adag aeda,
498064,2,472551,474053,2018-02-05 06:29:37,addc 5655 faf2 4cg4 34dd 8555 f99f bg15 247d 9732 66gg gebe,
498065,11,94726,419856,2018-02-05 06:29:37,cd9a 6557 7424 4gg9 6411 7535 dfen 2b1h 8867 6688 f9ff eaca,
498066,2,492617,467012,2018-02-05 06:30:53,aaac 2666 7f77 aggc 1681 4d84 9bb7 f85g g6g2 9381 8848 222g,
498067,2,496696,492951,2018-02-05 06:31:05,aa9a 7576 6477 44ac 413d bd17 fddd 55b1 d778 3a81 649a bg1e,
498068,2,459616,317540,2018-02-05 06:32:27,cccc 7586 f7f2 fa4g 6d8d 1177 aad9 151j 4664 6363 gdfg gdag,
498069,5,497121,473240,2018-02-05 06:32:32,ccdm 7887 47ff fabn 113d 7b75 5f7e 68f7 ge66 8a3c a8g8 11gb,
498070,19,444907,300985,2018-02-05 06:33:19,dacc 7555 42fa 9ba1 6611 8755 fcbe 446h 8866 7376 ffd9 cead,
498071,4,496142,472332,2018-02-05 06:34:31,a9a9 2277 2a47 af1f 3d17 2711 e9de fgb1 eed8 8937 86a6 22dg,
498072,7,495416,407911,2018-02-05 06:35:07,99cc 6776 272a 4fpa 8d81 2172 7eo9 7b2r 438i 7222 ggcb gggg,
498073,1,458977,497009,2018-02-05 06:35:07,dd9d 5525 4a42 ccca 1161 8df4 dd7d ggb6 2g27 9a93 9b48 11b2,
498075,2,456215,498073,2018-02-05 06:41:11,9dda 5585 7f42 bf4f d1d1 2f24 e777 g55h 2g72 9793 99b8 212b,
498076,17,45742,297804,2018-02-05 06:41:42,da99 86jj 7a24 9144 dd41 7585 d9a7 4264 6877 8i26 9dfa cded,
498077,13,496175,496103,2018-02-05 06:41:42,99d9 7862 a4a7 aaac dd66 178k mam9 b6gr d24o 414h ggnn e2ge,
498078,2,459070,489820,2018-02-05 06:42:28,ca9c 5275 442f 4gcc 3836 1f44 f77f 65bh eddg 3988 4b4g eg1g,
498079,14,496692,497969,2018-02-05 06:42:55,ca9c 5655 4422 4a4a ddd7 242k eeem rr6r e22o 3947 gnng 2ggp,
498080,3,463948,490701,2018-02-05 06:46:40,c9da 7758 f7f4 f44f 6d8d 228b 7577 15h5 37e4 4788 d9b8 eggh,
498081,4,391279,464692,2018-02-05 06:47:27,cad9 6258 222a agg1 116i 2583 bdfe 5227 4447 2362 a8dg gg2a,
498082,4,410627,481729,2018-02-05 06:47:55,c9aa 757k 2f7a 4cah d1d1 d815 d5fe fb16 8343 7342 fdg8 aef2,
498083,2,317540,459616,2018-02-05 06:49:01,9ccd 788j ff22 44fb d661 1127 aade 1415 6646 6362 dggd gdee,
498085,7,490229,492316,2018-02-05 06:52:02,99cc 75j2 44af aa4g d66d 7472 demm 84b6 g7eo 32k1 dbnp bdeg,
498086,11,90366,93689,2018-02-05 06:52:07,cacm 8677 72f7 gafa 1164 5585 d9e9 124h 768k 7238 99fa dfff,
498087,7,490691,491387,2018-02-05 06:53:37,ac9m 7877 767a 44aa 1118 4218 76mm 8647 2ge6 1634 d88n dg2c,
498088,10,497336,473713,2018-02-05 06:55:04,caad 257j 2277 44m9 1616 527d dbm5 54hr 8i82 278i babd aegg,
498089,5,497067,174487,2018-02-05 06:55:49,addd 6555 7727 aapg 71d6 53f2 d5d6 6647 47dk c648 46f8 a2ag,
498090,16,498007,497380,2018-02-05 06:56:15,ad9m 2j22 a7f7 a444 8448 7721 emmm r15r 5o8o 4844 agnn f2bb,
498091,13,229360,497282,2018-02-05 06:56:55,99ac 8777 42f4 1fbp 16i4 57d7 dd6e gr66 57g6 8649 a99n fee2,
498092,9,495986,495976,2018-02-05 06:57:59,caac 6586 44f7 a4fa 686k 414d 777b b67j 66e6 4316 aa69 2add,
498093,9,497517,487807,2018-02-05 06:58:49,ddca 7777 ff2f cggg d1kd 484k 66e6 5656 gge6 1944 g4gg bcgd,
498094,21,497288,497299,2018-02-05 06:59:30,9cca 78kk 722a 1c4a 8811 d251 deod 7k6r 247e 6336 g444 cd2h,
498095,8,479171,480175,2018-02-05 07:00:50,9aac 7855 7a42 44aa 6841 7754 ff77 bb5j 2674 6672 daaf gefd,
498096,11,497154,492122,2018-02-05 07:03:22,99da 8657 aa2a a4ac d44d 24k1 e7em 65g6 dd42 2412 g9n4 cbgf,
498097,2,459616,317540,2018-02-05 07:06:11,cc9d 785j ff2a f4bf 8d81 1171 ada9 154j 6444 3626 fdgp dgae,
498099,5,497404,470447,2018-02-05 07:06:41,c9da 5758 f447 g4bf d111 1817 bee9 55b2 7d67 3697 8bgb b2gc,
498100,4,497754,490751,2018-02-05 07:06:49,c999 5552 a722 4ffm 1466 54d2 ba5m 5g74 d745 71a9 48cd 1222,
498101,12,489320,495740,2018-02-05 07:08:11,9ac9 86jj 22aa 99gf 8468 175h efeb 5567 566e 2373 dgn6 e2fb,
498102,7,497990,480633,2018-02-05 07:09:01,9a99 8657 2a2a 14fa 3111 1481 9cec 44kj 8444 3643 ad9b eddg,
498103,5,492275,467735,2018-02-05 07:09:55,d9c9 2867 6aa2 gafb d111 4222 ce99 21jk 75e6 29hi fddb b22e,
498104,1,470336,470465,2018-02-05 07:10:13,9cam 2785 26f2 ccca 8638 4142 dede g61b 6e8d 1398 686b gdg2,
498105,9,488695,490602,2018-02-05 07:12:05,9ccd 6662 fa47 acaa 1647 2175 eeem 656r 2deo 3272 dbng fg2g,
498106,2,496999,494305,2018-02-05 07:12:05,cdca 2276 fff4 aaca 6687 34bf dd7f 155p 2282 198c 66a8 21d2,
498107,1,478697,381605,2018-02-05 07:13:50,9c99 6678 24a4 b4cf d86d f772 6699 861b gdg7 1462 ba88 ggde,
498108,6,497449,469119,2018-02-05 07:13:50,9a9d 6722 ffa2 f4a4 d633 4155 e779 17r8 6e77 484c g9g4 dgdg,
498109,1,494892,493199,2018-02-05 07:15:57,ccaa 6727 f6f7 99fc 1331 4d44 c7bd 6bg1 526d ca14 6448 214g,
498110,16,70935,103243,2018-02-05 07:17:29,aa9m 85kk f2fa a9fb 1141 7733 eece 7b22 7678 6664 fd9g accc,
498111,7,453271,51706,2018-02-05 07:18:59,cc9c 577j 24ff 1f4f 8664 3781 a77d 76b5 676k 677i dggn dgbe,
498112,4,496263,497537,2018-02-05 07:19:01,9999 5226 2f2a a4c1 d8d4 8f54 97bm 254r 3787 3888 cabb feee,
498113,12,450268,481398,2018-02-05 07:19:13,ccdd 276k affa bbaa 343d 1715 b9ff 15b2 388i 7373 9b9d ebbg,
498114,5,476746,480647,2018-02-05 07:20:27,adda 6j2j af47 a9ap d811 5284 e6dd b2r5 3686 8888 bcg8 de2c,
498116,8,384066,468095,2018-02-05 07:21:41,ad9c 6886 7aa7 gfgg d411 841d 7ea9 2j44 4g7e 3674 fgaa cgco,
498117,3,489963,482144,2018-02-05 07:21:41,9c9a 6665 42fa 41gb 1616 7753 bf59 5bbg 2gd5 3464 dbcb b2d2,
498118,9,479572,490866,2018-02-05 07:25:09,9a9c 8572 2aa4 f94m 8186 1757 a6b9 8b6k 647i 6648 9c8s ggd2,
498119,2,497048,496831,2018-02-05 07:25:09,dcda 2878 7764 ca12 6766 d8fb e66e f8g5 ge8e accc 8b8b 1114,
498120,8,486212,487606,2018-02-05 07:26:21,cad9 7756 affa fp44 d4d6 8882 f77f 5jb4 7777 7688 bbdf fdgg,
498121,6,473086,498005,2018-02-05 07:27:20,d9aa 85k7 422f ba11 1d11 7878 fb97 6812 4773 2338 gbbg gged,
498122,13,495766,301909,2018-02-05 07:27:20,adaa 8786 2afa 1ffg 844d 4755 de9f b2bb 4874 4389 abda cefa,
498123,2,477140,496282,2018-02-05 07:27:27,ddac 6822 a224 gcfa 818d 1144 b9cd 55g5 766d 1389 6dbb 2e2g,
498125,5,497443,497529,2018-02-05 07:37:03,dddd 8566 f224 9bfc d814 5557 9799 f155 d64r 7i32 dggd geog,
498126,5,424023,388934,2018-02-05 07:37:35,c9dc 6856 24f7 14a1 6d66 2855 9efd 4b4b 6747 4282 ccfn adcg,
498127,17,497649,491461,2018-02-05 07:39:54,9dmm 6jkk f777 9444 1816 7524 9f7f 8bbr 8e6e 4188 a9nn ebee,
498128,5,496942,493605,2018-02-05 07:40:02,adaa 727k fa22 99g1 11d4 14d4 bf5m 665r 74ge 1867 gdgn egdd,
498129,5,492843,472760,2018-02-05 07:40:18,dc9c 6767 22ff a1fb 861d 3d1d b7dd 61pp 386k 6616 db9g dfgg,
498130,21,495872,449224,2018-02-05 07:42:33,aaa9 5578 7f4a gbbg 6466 27k2 dddb 4b25 8378 7782 bgdd fcoa,
498131,4,493582,472509,2018-02-05 07:46:03,dcac 7782 4222 aabf d438 7742 b7dd 115p 5774 6116 a49g deeg,
498132,4,491320,489522,2018-02-05 07:46:15,adcd 6227 a44f g1f4 3d63 2fd4 65c5 5f5g 385d 1197 464b d22h,
498133,4,497038,441301,2018-02-05 07:49:10,ada9 7286 77fa bagc 3d1d 7584 e6e9 7gg5 dde7 6116 dbba e12a,
498134,10,472131,490074,2018-02-05 07:49:10,9a9a 7262 4fa4 f9cf 3686 d8k7 6797 614r d844 7916 g646 fagb,
498135,8,463096,497591,2018-02-05 07:51:09,c99c 87j8 64a2 4f9f 1141 8575 bfc9 57g4 6582 7248 f8ba gdge,
498136,13,469408,461501,2018-02-05 07:51:09,a9ac j777 4f27 1a4p d611 5775 bb77 2bb2 888k 4847 9aba f2ge,
498137,1,486067,438590,2018-02-05 07:51:15,ccc9 2752 27a2 c4ga 7688 f127 7c67 6g11 53de 4443 4448 22de,
498139,2,434322,422730,2018-02-05 07:54:43,9cdc 6878 aa27 44a9 ddd8 2127 dfbb 51hf 3365 8382 b9ga dege,
498140,2,492100,489484,2018-02-05 07:56:32,a9ac 6555 ff72 9g1f d8dd 4145 c69o bgg5 2ege 8768 bb9a 1g21,
498141,1,495912,495431,2018-02-05 07:56:35,adda 2882 6772 gc1f 666d b2bf c667 8866 2d22 c49c 4b48 4414,
498142,6,498089,498133,2018-02-05 07:57:37,ad9a 7656 7277 bagp 1d16 5724 d6d9 67g5 4d7e c118 6b48 e12a,
498143,8,36544,494561,2018-02-05 07:58:47,9dc9 7287 442f agfc 1611 3472 dae9 2665 77k7 2438 d9da cgco,
498144,4,483106,490421,2018-02-05 08:03:00,aad9 8225 74f7 cggg 3111 8f24 d559 666j 66ed 9441 g688 b1d2,
498145,1,496990,458639,2018-02-05 08:03:00,ad99 6252 4fff c1cf 3888 5125 d559 b15g 8g82 6314 gdb4 e212,
498146,3,485958,489381,2018-02-05 08:03:00,9caa 2285 a464 af4f d381 8b1f dd5c 81gg ee82 1179 6g4a 12og,
498147,12,497269,495233,2018-02-05 08:03:50,acda 6576 44f4 gc9c 44dd 124k eeem 556b 22o4 1466 gdnn dfeg,
498148,5,492274,490188,2018-02-05 08:05:00,9d9a 287k 744a 29cc d3dk d41b e959 656g g2gd 939a 6d64 d22g,
498149,8,493567,494850,2018-02-05 08:05:11,daa9 5665 4af4 9bag 46d4 8214 embm g2r5 g62e 9986 8an8 dgcg,
498150,2,457089,319012,2018-02-05 08:05:23,ddda 5687 7a7a 4cfc 8d1d 2145 b77f 6616 2424 2267 gbgb eag2,
498151,2,496667,495408,2018-02-05 08:05:57,9dc9 6567 ff47 f1af 73dd 75bb 7a95 f82g ge88 1a81 ff8g g1a4,
498152,5,498131,479220,2018-02-05 08:05:57,acca 7872 722a 4a4h 8418 2471 bd9d 57bp 2k5d 3161 94gg deed,
498154,7,484428,492553,2018-02-05 08:06:32,cc9c 6866 a472 gacg 6411 2852 dcf9 5gjh 688e 9817 468f c222,
498155,5,493524,494118,2018-02-05 08:09:00,d99d 687j f77f cca2 3316 d4fd b59c gg1b d832 a939 6444 2221,
498156,11,495375,493357,2018-02-05 08:09:41,a99c 275j 6222 aaa4 6dd1 1747 eeem 55rr e75e 4142 b66n fggg,
498157,4,468422,453391,2018-02-05 08:10:41,dacm 5268 74ff f4f4 3613 15kd e7ac 84gg 4d26 4382 8cab ed2c,
498158,3,497347,455827,2018-02-05 08:11:10,cdcc 7678 44fa 29ap 761i 477b de77 48g1 2722 a388 b9f4 e224,
498159,2,428397,208795,2018-02-05 08:12:25,cda9 5857 7a77 agfb 6186 7855 f97b 1247 5877 768i gaag ffce,
498160,1,492021,450910,2018-02-05 08:12:25,aadc 2285 f2ff 1c4a 6716 1445 d9dd 87gb d322 aa16 b4gb 2g22,
498161,12,497713,494818,2018-02-05 08:12:29,d99c 2682 a77a 444a 6486 7178 e9em 555r 78o8 8614 b8nn gffp,
498162,13,498037,491954,2018-02-05 08:12:29,99d9 5582 42f6 aaf4 7d11 7827 ee9m 16rr 53ee 228i g9bn ecgf,
498163,12,498086,498024,2018-02-05 08:12:34,ccdm 8672 a4a7 gafa 1164 d84f dfe9 1b4h 7888 8238 99fb ddcf,
498164,3,471676,384775,2018-02-05 08:13:58,c999 8276 22a7 444c 6d16 5dd5 995d 61gb dg84 3362 9bdg cc2g,
498165,4,492288,457516,2018-02-05 08:14:05,99cc 8566 27ff f9am dddd 4757 75cc 2ggf 4246 8716 bdgb f2gg,
498166,12,497584,496309,2018-02-05 08:15:26,c9dc 5j2j a772 aa4a 8d66 27k8 fmem 551r 88oo 4682 6nnn fbbb,
498167,13,493775,496938,2018-02-05 08:16:58,adad 7872 47f7 aa1a 68d8 448k 57m7 64rr g36e k246 8nan gdg2,
498168,4,498158,473768,2018-02-05 08:17:52,cd9c 6878 44fa fapm 76d1 4384 ed75 8481 722g a688 bbb8 22e4,
498169,8,498102,484031,2018-02-05 08:17:58,ca9c 6826 22fa fgfg 3111 1758 7ced 4kj4 4464 3634 ad9b gedg,
498170,8,497657,476449,2018-02-05 08:19:30,9dcd 6685 a424 2cga 4d46 12k5 7f7c 575r 748r 4244 g9n9 ebfg,
498171,8,471967,473891,2018-02-05 08:20:08,99am 287j 277f 9fam 6183 2747 d57d 85pg 2732 3663 bgb8 22bg,
498172,6,498152,492863,2018-02-05 08:20:57,acca 7827 f4a2 a44h 4448 4717 b9de 51p5 845d 4161 c4gg deed,
498174,8,472127,473948,2018-02-05 08:22:32,ddcd 2568 fff4 aa19 6484 7757 fedd f65r 7533 841h a9ba f2gc,
498175,1,489944,489965,2018-02-05 08:23:55,dacc 2262 f2a2 accc 63d3 8b4f ccce 616g d38e 8a19 44b4 1112,
498176,3,353545,497544,2018-02-05 08:24:29,cdc9 7566 4afa ccbg 6863 234d 7d79 5156 3448 7336 4b8b gg1g,
498177,2,478442,490179,2018-02-05 08:27:09,dacc 2688 a4f7 1gcf 6d33 8fff 6c6d 8g65 ee28 9494 44d8 2112,
498178,6,497796,495231,2018-02-05 08:29:55,a99a 8572 2277 9aab 6616 dd12 bf9d b5gr 526e 9748 89db 2deg,
498179,2,496337,476189,2018-02-05 08:32:35,9dd9 2866 24a2 gc4f 8d66 db4d 757e 655j 3d2o 8369 4b9d e2be,
498181,9,491170,466966,2018-02-05 08:38:36,d9dm 2858 27a4 ca1a 3d6d d571 de97 b1h5 4484 1683 agda ggde,
498182,1,491643,491732,2018-02-05 08:39:35,daca 5278 642a cgc4 7661 bd4f e969 88b6 8eg8 a989 64db b1ee,
498183,5,470716,342548,2018-02-05 08:40:07,aaca 627k 7772 1faf 3643 d247 9e5d f544 6674 8338 ffac 2bgf,
498184,8,493567,489686,2018-02-05 08:42:59,ca9a 55k7 a4a4 14ac 4d38 7514 edbm 1rr2 3e26 843h 8bfn gd2c,
498185,2,498182,469363,2018-02-05 08:42:59,adcc 8877 642a 9gab 7661 bd75 e769 141b 668g 2997 94fg beef,
498186,10,495901,405533,2018-02-05 08:45:06,cdc9 6565 ff4a 1gbp 8881 7824 7a5c 5866 487e 784k 9ang 2eog,
498187,9,498149,494005,2018-02-05 08:45:06,caa9 2725 4ff4 f9f1 4d6d 8124 7mbm 5b25 86r4 9266 bf8n dgbg,
498188,1,491241,472241,2018-02-05 08:49:01,ccda 7226 64a4 41cc 6368 d42d 5eee 88gg 8gde 6399 d888 edeg,
498189,8,434657,485681,2018-02-05 08:51:01,cacc 5568 a227 ff1f 148k 7572 eeb7 1b55 83k4 7227 9bac fcce,
498191,6,490448,491352,2018-02-05 08:52:39,9cad 7577 f772 494a 1dd1 4241 6fme 65rg e2eg 8143 8g8d cdce,
498192,15,176768,20137,2018-02-05 08:53:45,ccc9 7j7j 4f44 fgab 1644 8557 fd99 76b4 5678 8486 aagp fcdf,
498193,2,492879,498188,2018-02-05 08:56:35,9dcc 7578 6246 cgcc 7361 d8d2 5e9e 888b 2dgg 9989 d888 egge,
498194,12,490763,489320,2018-02-05 08:58:36,caad 5855 7244 ggg9 8dd3 257h dedm r527 84e2 2434 bgb4 2cgg,
498195,2,498188,492523,2018-02-05 08:59:03,9cca 2228 6a44 fggc 6676 842d 59e9 88b5 8gee 9a83 4688 1deg,
498196,14,496963,497106,2018-02-05 09:01:19,9cc9 8665 72aa 9gag 8413 5427 bedm 162g 84eo 13k6 bdgn c2do,
498197,3,492609,498185,2018-02-05 09:02:59,acdc 878k 64f4 gaac 7631 d748 7e97 511b 668g 2492 94ff 2bef,
498198,3,437824,236298,2018-02-05 09:03:28,d9cd 5767 f42f 91ap 446d 2335 7aad 2554 4444 6438 adag ecga,
498199,4,438652,489245,2018-02-05 09:04:13,d9mc 725j a624 9cb4 d1dk 45b4 6bej 271g 6g3g 4613 db8b egee,
498200,14,490736,495466,2018-02-05 09:05:29,adaa 5652 4a42 a4cc 13d1 422k edee 6686 43oe 4414 gn4n 2gbf,
498201,18,209384,487557,2018-02-05 09:05:43,cc99 8656 2722 41bg 6444 5855 adef 2771 88kj 4267 gfgd cccd,
498203,7,244820,493538,2018-02-05 09:07:30,cdcm 5668 a2f4 bg4f 1641 2317 c9ff 72b2 75kk 7288 99da efao,
498204,7,482593,466684,2018-02-05 09:11:33,9dc9 7557 4a24 f444 8d4d 8327 77d7 5b4j 4777 3688 ffdf dgfo,
498205,9,495986,495976,2018-02-05 09:12:45,9dda 2858 447f 4a9a 86i6 45d5 77c7 66bj 76e3 4327 ganm 2dad,
498206,7,443466,150101,2018-02-05 09:16:01,9aad 8k88 a4fa abfb 1414 3788 fd9f 4647 67k8 284i a9aa efca,
498207,1,496969,485790,2018-02-05 09:16:45,9c9c 5757 6442 c1gf 1d13 dbf8 b667 b685 2d2g ac18 44bb 2224,
498208,3,486386,488045,2018-02-05 09:18:04,acdm 7575 2aa7 c11a 1d38 142f de76 g5g8 eg75 9468 6g9b 2geg,
498209,5,497936,493605,2018-02-05 09:19:24,ad9d 758k 2462 9g11 1184 177d bb5m 587r 27e6 71i7 bbgg ced2,
498210,8,259910,369188,2018-02-05 09:19:24,c9a9 5586 272f 9bag 4d14 5785 e7f9 227h 76k4 4274 gfad ddcf,
498212,1,497333,495763,2018-02-05 09:21:49,accc 6627 774f ccc4 7631 bf1b e57d f81b 82d2 9a1a 84b4 4144,
498213,10,490082,490620,2018-02-05 09:22:12,cdmd 2825 22a2 cf4b d814 248f d65b 68b1 dd77 9911 c8bb eeeo,
498214,9,488740,496225,2018-02-05 09:22:59,9cdc 6656 7a77 ffga 13d3 5555 dmm5 721r 4eee 4863 g9nd agbg,
498215,17,494146,492665,2018-02-05 09:24:12,a9cc 8622 4f22 a4g1 dddd 8545 7mmd 7rr1 2gee 343i bgng eg22,
498216,9,493050,496454,2018-02-05 09:24:22,cadd 8755 26aa c1b1 dd88 bb2b c9b6 5bp6 3266 m3a3 8bbf eg1d,
498217,16,264879,173643,2018-02-05 09:25:10,ddmm 5755 7f4f 4gbf d661 3578 a99o 44b6 788j 4668 9aa9 eedc,
498218,11,496866,493593,2018-02-05 09:25:41,99cm 7777 aa44 cg1a 7686 4445 fdcf 16g2 2e62 7131 8b48 bd12,
498219,9,311929,498174,2018-02-05 09:25:41,ddcd 5668 ff74 ab19 6841 5755 aecc 275r 4833 4717 a9bf df2c,
498220,5,489904,469717,2018-02-05 09:26:05,dacd 7822 6447 fc4f 36d8 77ff 6cbn 851p 287g 4314 ag88 beee,
498221,12,498156,498007,2018-02-05 09:26:05,a99c 285j a722 aa4a 48d1 1747 memm 555r 5e5e 8162 bnn6 fggg,
498222,15,497815,497153,2018-02-05 09:27:02,dd9d 8k62 ffa4 bgcg 7d61 4274 e7ma 5ggr de62 24h2 ddgg bcag,
498223,15,498004,497148,2018-02-05 09:27:26,d9dd 6582 aa44 ga44 1dd6 478k d9mm 6grg dg7o 4493 4gnn eeca,
498224,1,484673,484642,2018-02-05 09:29:10,cdcd 2785 4aaf 4fa1 1331 4db2 d65d gg51 5ggd 3167 b684 dgd2,
498225,3,482350,495067,2018-02-05 09:30:10,a9aa 26j6 2a27 f4cc 313d 4542 cb75 1b55 g46i 8187 b48a 12gg,
498226,6,462084,462865,2018-02-05 09:32:14,caa9 5687 4f42 c1bb d6di 7725 9dof 66jp 387k 8611 9faa gff2,
498227,17,495062,498090,2018-02-05 09:32:25,adam 6822 76f7 44ga 4888 127k eemm 556r g8ee 4841 bdan g2bb,
498228,6,492254,496995,2018-02-05 09:32:49,c99c 8722 afa4 4p2p d73d 27d4 cee7 8b6b 6e42 9424 bb8c g2ee,
498229,6,495435,487961,2018-02-05 09:35:36,cad9 5887 a7a2 49cg 6666 51d2 e5d7 6581 268d 96cc gb44 g1g4,
498231,11,494609,495059,2018-02-05 09:38:01,9aca 8676 4f44 99nf 4d4d 217k em7e 1r6g 726e 9641 d8ad daee,
498232,5,489039,494118,2018-02-05 09:39:10,c999 6682 f27f fafa 341d 8484 97eo gb1g 28d2 14ai db46 e2gh,
498233,9,454363,485118,2018-02-05 09:40:50,a9ca 6786 f2ff 1944 86d8 824d d69e 87gg 48er 167i 68na eeee,
498234,6,495728,491613,2018-02-05 09:41:02,aad9 278j 67a7 cpaa 6877 1df4 799b ggb5 8886 4442 4b66 21eh,
498235,6,489738,484860,2018-02-05 09:41:02,ac9d 257k 222a a44s d8dd d582 77b6 1b7r e74j 2471 gad8 e2eg,
498236,4,491581,459531,2018-02-05 09:50:56,adc9 8588 227a 1gaa dd18 81f4 9eec bgfh 8786 771i 94bb dgg2,
498238,6,497449,497481,2018-02-05 09:51:39,a9ad 5557 244a aca9 8633 1215 eeb9 151r d776 686c d9gd 224g,
498239,4,488911,469671,2018-02-05 09:53:35,cdd9 8262 222f ga4p 11dd 2577 5cmc 7556 34g6 4762 a984 dgdc,
498240,9,497887,486611,2018-02-05 09:53:35,ad9a 5887 7272 a92m d38k 28db 67ee g46b 75de 4993 8a4b d2ed,
498241,9,487072,403738,2018-02-05 09:53:49,9dcd 5778 f42a 1b4b d868 1753 f9s9 665j 8767 634i b9dg gcea,
498242,2,482812,491857,2018-02-05 09:54:25,9d9d 7758 4a77 a1af dd6d 2122 cc9f 1251 5637 8266 bdgg gdog,
498243,6,497458,497796,2018-02-05 09:55:15,a999 2852 2aa4 9ap4 8d64 42d2 efd9 bg5r 465e 9788 gbcd ggde,
498244,6,487101,489234,2018-02-05 09:56:27,dada 868k 7f74 4af4 d363 114d dccf gbjk 6643 4331 badb eege,
498245,4,498158,486978,2018-02-05 09:57:00,cada 2677 444a 4ap9 736i 47bf d7e7 f4g1 6762 6298 b9f4 g22d,
498246,3,471056,467020,2018-02-05 09:58:50,c9am 8267 f777 gggc 6666 7d7d dfod fg16 86eo 1746 8fab gggg,
498247,11,496463,494814,2018-02-05 09:58:56,aa9c 2728 aa22 4a44 8164 717k e9em 15r5 57ee 8668 d8nn fgfg,
498248,2,492617,467012,2018-02-05 09:59:03,aaac 2662 4f77 agcg 13d8 244d 9bd7 f858 d62o 1113 848m 22g2,
498249,3,486386,488045,2018-02-05 09:59:34,c9dc 7528 22a7 9c1a 8838 44f4 be6e g5g7 eg25 4981 988b gg2g,
498250,6,492254,496995,2018-02-05 09:59:43,9cc9 2672 ff24 4b2p d3d7 2744 dem7 6kbr 6e46 99i3 b9c8 ppee,
498251,7,498235,382841,2018-02-05 10:01:22,dccd 756k 2ffa a4s4 d81d 5582 7ec6 1b77 676j 7432 aads 2eee,
498252,5,469631,439591,2018-02-05 10:01:51,9dcc 8887 ffaf afa1 1ddd 1147 97dd 15g7 4884 136k abba fggd,
498253,2,495143,496790,2018-02-05 10:03:54,9aad 7786 fa44 2gbf 631d d4fb 9995 8ggk e8e8 6776 ab86 121g,
498254,5,498131,489904,2018-02-05 10:05:53,9cdc 6722 4242 44gf d84d df7f 67bd 1b11 2785 4113 ga9d beee,
498256,4,493582,472509,2018-02-05 10:08:36,cdda 2527 4244 aca4 4683 777k bd7f 6155 5774 1466 a84g edef,
498257,2,482476,491274,2018-02-05 10:11:08,adad 5852 62a4 f1fn d68d d434 795d b86g 6ge7 4721 8g8f e2bo,
498258,7,439231,497523,2018-02-05 10:13:06,99dc 6665 f2ff 4ffb d144 1857 dc59 5b1b 664e 893i 9agn geeg,
498259,10,419326,494333,2018-02-05 10:13:23,9c9c 787k a47a ca4a d388 1812 aeen 2685 4262 377k fasp bgg2,
498260,3,495562,496514,2018-02-05 10:14:40,9adm 5757 22af acgc 1ddd 7424 695d f8b7 gg27 9993 9b98 bee1,
498261,3,492885,452370,2018-02-05 10:16:20,cd99 6852 afaa 9bfm 6461 3285 d5ff 56b5 68eg 42k6 a9gc ggga,
498262,1,493029,478189,2018-02-05 10:19:37,9a9c 8776 4af4 c4gc 1113 144d 579d 1bgg 53e8 1741 89d8 d122,
498264,6,417133,457752,2018-02-05 10:21:30,9cad 576k af27 bbaf 8dd6 2222 ebce 2b7j 8647 7466 dbbb bbeg,
498265,18,497937,497763,2018-02-05 10:22:42,9cd9 8k65 77aa 49bb d43d 8734 fcm9 1fff 667d 6274 bb4b ec2d,
498266,3,362545,492532,2018-02-05 10:23:27,aadm 727k fffa fgf4 4846 8753 7d9b 81j5 3g8k 6444 agfn ageg,
498267,13,495826,497714,2018-02-05 10:23:27,acc9 268j 7a22 4aaa 6668 717k eeme 556r e8oe 4811 bnnn fbfd,
498268,6,497769,496480,2018-02-05 10:24:31,9dc9 6855 a462 bc21 d6k6 bbd2 fef7 86g6 22oe 9911 dbb4 d2eg,
498269,6,489908,492520,2018-02-05 10:26:41,9ddc 7862 6afa gf9h d88d 717k 9dce b557 3826 264i bf8d eged,
498270,11,487448,487287,2018-02-05 10:28:13,cddm 6755 a7aa 4444 4d4d 5788 d9d9 1571 4688 3868 a9aa eebe,
498271,1,495912,495431,2018-02-05 10:28:48,adca 7822 7a72 c9cf 6161 2bfb 76e7 8816 ee2d 9c99 8db8 2444,
498272,10,488984,341017,2018-02-05 10:29:57,addm 8876 4aa2 19ab 6418 4378 e7em 411f 763k 7846 adag cgad,
498273,3,494156,495654,2018-02-05 10:30:50,99cc 5267 ff42 fgcg 6d8d d17d e567 4bgb 352k 3118 g88d gbd2,
498274,3,497347,438536,2018-02-05 10:32:06,dcdc 5628 22f2 9aaf 8714 7d1b 6fef 181p 86g7 4aa6 9ga4 2b1p,
498275,15,496751,495711,2018-02-05 10:33:23,cd9a 585j 24fa 41pc dddd 41k7 deme 615r 2go4 2423 d4ng ce2g,
498277,3,494156,495654,2018-02-05 10:37:43,9d9d 8565 ff74 4ggc d8dd 1d8b e9dd 4bgb 372k 1381 gb88 gb2e,
498278,3,450493,495097,2018-02-05 10:39:19,9d9c 2585 47aa 99f4 1d16 54ih decf 76b6 3768 3423 dbdb c2ea,
498279,19,496968,490986,2018-02-05 10:39:19,9cac 8567 7aaa 1a99 dd48 3b2d cdd5 h564 d228 6897 99a4 12hc,
498280,1,493029,448643,2018-02-05 10:39:19,9d99 8567 4a44 49ap 6113 b444 569e 1b7g 3332 aa47 6884 g1g2,
498281,20,496949,466966,2018-02-05 10:40:32,adcm 8555 a474 fg1a 6114 5181 d999 b17p 8448 648i fdaf dgfe,
498282,4,497264,496647,2018-02-05 10:40:53,9cda 2666 6fa2 f4gg ddd6 8bbb 6dfo g85b 3g7d c434 abgb bd44,
498283,5,470716,342548,2018-02-05 10:42:37,aaaa 7286 2772 1a9a 3361 d247 95d9 7454 66d4 8334 fda8 fbeg,
498284,6,495927,493664,2018-02-05 10:43:14,acmc 6757 7f7a aabp d664 745d 6f69 587r 4767 97i7 d9gn aegd,
498285,4,498274,435689,2018-02-05 10:43:21,dddd 6865 27f2 9aaf 7188 8777 6bb9 811p 76kg 27a3 9g4g 2gbp,
498286,7,304879,428646,2018-02-05 10:43:42,ddc9 7686 222a b4ab 6186 8857 eeef 454f 76kk 8786 gaa9 dgdc,
498287,18,329084,497666,2018-02-05 10:44:59,dcdc 585j 24a4 f44g 36d8 8778 ef79 6765 7758 2438 9b9p fggp,
498288,3,493535,492246,2018-02-05 10:45:12,cadd 7222 4422 4cc4 3666 f44d 6b5d 5fg6 6d22 7919 bb98 2222,
498289,5,412316,496028,2018-02-05 10:48:48,dccd 6282 44a2 1a4a 3d88 24d2 ceb9 8ggj 2662 8333 db4b e1d2,
498291,5,495078,485047,2018-02-05 10:54:55,aadc 7286 ff7a f9cc 411k 8d57 cdnd 614b 6dd3 a367 b8a8 d22o,
498292,1,441097,87376,2018-02-05 10:55:50,dcca 7258 7472 4f9f 6664 4714 799f 7456 6674 8824 bbaa d2a2,
498293,16,493482,493637,2018-02-05 10:57:14,9ca9 2265 f722 aga4 d6d6 1788 demm 7158 752e 4133 g66n gfeg,
498295,10,488578,486125,2018-02-05 11:17:38,dd9c 776j aa72 49cg d64d 1841 ef7c 8676 664e 84k4 db4n gfgg,
498296,7,493678,494132,2018-02-05 11:20:10,a9c9 7272 4ff7 2baf 866d 4442 797m 1brr 4ege 9417 d98n gdde,
498297,1,372864,462562,2018-02-05 11:21:46,cadc 7668 4a4a a9bg 318d d124 779f 78gb 887e 7382 adab gdg2,
498299,3,493380,493832,2018-02-05 11:22:14,adaa 7562 a742 f1ff 63d6 1251 7dc7 b5g7 g46e 9262 b8gd eee2,
498300,3,493224,494575,2018-02-05 11:23:17,acda 528j 4aa2 4afc d366 f847 ec7f gb12 6848 7249 b4ab e221,
498301,1,496647,27472,2018-02-05 11:26:11,c99d 7627 6447 49bg 1661 f375 697d gb81 3g2d 8244 ddb4 b44g,
498302,8,471967,490880,2018-02-05 11:30:31,99cd 676j 2777 4fga 63d3 8545 697d 85pp 7238 7434 bbaa bege,
498303,5,490755,493991,2018-02-05 11:31:14,9daa 7257 fa47 aach 7111 db2f 669j 5886 eee8 8399 4846 1e2h,
498304,3,487544,182128,2018-02-05 11:32:42,c999 8256 7a4f ffca 1641 8341 bdee bb52 e778 4369 6af4 geac,
498305,11,495917,481175,2018-02-05 11:33:49,ccad 5252 f7a2 499g 68d1 d2dd 9bcd 61b5 26gd 7739 688b eg22,
498307,5,473926,495758,2018-02-05 11:37:50,caca 6266 7442 44a1 1331 4d8d bc96 55r1 e87o 4343 ag8b edb2,
498308,6,490952,474468,2018-02-05 11:39:15,9ca9 7627 277f a941 ddd6 841k 799s 5448 76o2 6764 dgbn ead2,
498309,3,494565,494805,2018-02-05 11:39:26,a9aa 6872 2477 cfff 3d63 4d4b f7ce g5g8 88d5 8874 b98b e12e,
498310,9,420029,454098,2018-02-05 11:40:37,a9dm 5666 a4a7 41a4 1664 3572 7fb7 5254 6487 8376 d9dp cadd,
498311,14,496779,482433,2018-02-05 11:41:27,9ca9 5575 2a27 99ab 8131 5775 7odd 7bb2 5687 2672 gdaa adee,
498312,1,435606,2581,2018-02-05 11:44:25,9ac9 5825 72f7 4ab4 4181 5571 d9fe f247 668k 7323 gffa eeff,
498313,5,324569,365372,2018-02-05 11:45:35,caad 7575 af22 a94f 6816 8771 ff79 775b 7688 6744 9fca gggd,
498314,16,449189,481587,2018-02-05 11:49:47,ccad 575k f247 f4fa 813d 8d5k efe7 662h g2gd i244 9fgb g2de,
498316,10,497201,494867,2018-02-05 11:54:35,9c9d 6686 a6a4 cagn 863d f884 975m brr7 3824 7434 nacn dgg2,
498317,10,481164,439519,2018-02-05 11:54:35,acda 888j afaf b44g 4d64 8717 d9ec 67bb 37k6 7348 ffgc bfgc,
498318,15,473287,498061,2018-02-05 11:55:23,a9dc 85k7 44a4 9baa 4416 757k eam9 66b7 7644 211i fffg oeda,
498319,4,498158,457543,2018-02-05 11:57:33,adcc 8277 4f4a 92af 681i 7475 7cdd 217p 2722 a338 b9f4 eggg,
498320,1,492903,457253,2018-02-05 11:59:44,acca 6226 4724 9cgc 31dd 8f8b 5ef9 587b 8g62 4399 4b48 2g2g,
498321,2,488221,463108,2018-02-05 11:59:57,addd 6888 644a faa9 6844 524d 7579 8bb1 3e78 1648 9b9b ggde,
498322,3,495654,494156,2018-02-05 12:01:54,da9d 8852 ff42 4ggg d63d d41b 6967 bb1j 375k 1318 b8aa gdge,
498323,6,497458,497796,2018-02-05 12:02:49,cc9m 8752 a7a2 9aa4 d8dd 8222 ef9d 1g5r 4652 478i dgdc 22de,
498325,8,462778,470099,2018-02-05 12:07:59,9cc9 6887 4fa7 gbab 1d3d q88q afb9 bbff 7473 6736 gbab db2e,
498326,7,441080,403469,2018-02-05 12:11:25,9c9a 5667 427f b1bm 1id1 838h 7cof 1b14 7777 8683 dgga deee,
498327,4,497514,247976,2018-02-05 12:13:51,dddc 7776 4ffa g1fp 46d6 7877 bba9 2161 7642 2328 adfd ed2d,
498328,6,489521,498168,2018-02-05 12:15:40,9cdc 6788 42af 9apm 66d6 4442 cd57 4481 4626 4a93 bbb8 daec,
498329,5,395485,338496,2018-02-05 12:16:17,ccda 5767 a247 abf9 1611 5177 f79e 5f65 4488 2848 abb9 eggo,
498330,1,463522,418790,2018-02-05 12:16:17,adcc 8676 f777 4bcp 6838 8275 bf5e gbgj 638e 1146 db8d dege,
498331,10,487131,362843,2018-02-05 12:20:05,a9am 5685 2442 g4pp 1d11 2757 d9od 75b4 877k 6748 a9bs ffcc,
498333,13,498166,495375,2018-02-05 12:23:42,cd9c 5j72 6772 aa4a 866d 278k ee9m 55rr eoeo 6428 6nnn bgfb,
498334,14,493513,496056,2018-02-05 12:23:42,acda 5265 6f2f 2apa 1386 fb2f 5eeo b111 d6ee 8887 4gdf eg2g,
498335,5,490171,489512,2018-02-05 12:24:47,9cd9 2878 2272 94ab 8848 4dd5 799m bb6k 24e6 4974 b9gn ep2d,
498336,4,489488,488651,2018-02-05 12:27:43,9cd9 6257 2642 faab d488 42d2 c9ea 54bk 7e46 9h48 fdda 2ed2,
498337,7,495722,484681,2018-02-05 12:30:15,cc9a 8578 2faf faac dd11 575k b76j 56b8 g64o 4i83 48bd g2gd,
498338,4,498299,489791,2018-02-05 12:31:19,aa9d 7755 a77a f1fp 11dd 1521 6dc7 bgk5 4g27 7962 8bbg ege2,
498339,17,497736,498110,2018-02-05 12:32:40,9a9m 65k2 f244 ccfm 1131 7234 e76e fgbb 677d 6669 fd88 a22c,
498340,6,493277,498232,2018-02-05 12:32:40,c9c9 8852 f2af f1ca d3dd bd84 7cd9 5bg1 822d a47i d46b 12hh,
498341,2,496546,463213,2018-02-05 12:32:58,cc9d 827k 7f47 fgcg 3716 2775 ce6e b6g1 8e26 9863 g9bf g4fg,
498342,1,496990,469600,2018-02-05 12:33:49,a9d9 2268 4aaf caa9 3d36 dd1d c5be b15g 2eg2 9739 gb48 2g1e,
498343,10,494504,492806,2018-02-05 12:36:27,a9dc 667j 7a72 44aa 81dd 777k eeem 556r eee8 8682 bdda ggbp,
498345,8,485150,426891,2018-02-05 12:36:57,9adm 2876 4fa7 f9sa d6i8 1551 bee7 61bk 6646 6144 dd8d eg2p,
498346,20,498210,111384,2018-02-05 12:37:51,c9ca 5586 f272 9bag 4611 3585 efbd 6b7h 8k64 3744 9fad cdcf,
498347,1,492825,348517,2018-02-05 12:41:08,dddd 8657 fafa 4f4n 4883 4382 aebo 75gg 54e6 8762 b6db 2dgg,
498348,15,475166,477577,2018-02-05 12:41:23,cddc 6872 24a2 fab1 46d6 7q27 9e97 b54f 6466 222i gbab gcge,
498349,5,471581,467416,2018-02-05 12:41:35,ad9d 6852 ffff f9b9 11d4 8144 d577 6g1g 726o 7647 89bn geg2,
498350,4,491581,459531,2018-02-05 12:42:24,c99c 5677 a27a g1ga 3888 854h 99ef 8fg6 786k 784i 9bb4 2eg2,
498351,3,483622,490730,2018-02-05 12:43:04,adda 7586 2f27 cgga d883 1b72 e97c g156 58kd 1794 4gb8 2g22,
498352,9,491264,491053,2018-02-05 12:43:48,ac9c 5662 2aaa p944 d668 177k c99m 7b1f 6doe 4383 gfan gggd,
498353,10,494253,488286,2018-02-05 12:44:12,dadc 6857 4627 g4f4 d4dd 771k efmd 61r6 272e 4744 bg8d gcgg,
498354,3,494156,495654,2018-02-05 12:50:17,9dcc 5825 f642 f4ga dd8d 84db 5d67 4b1j 532j 3183 baad ggde,
498356,3,494645,439705,2018-02-05 12:52:10,c9da 2786 27f7 14ag 8431 1124 99cd 7751 33k3 4468 ddbb ge2o,
498357,5,350424,392240,2018-02-05 12:53:54,9cca 5565 4477 411f 1166 5177 cc7o 6617 6787 2834 gagd deog,
498358,1,492825,87725,2018-02-05 12:57:48,cc9c 8877 ff2f 44cg 6616 3545 6abe 1g66 4e82 978h 4bd8 d1ga,
498359,2,482308,489504,2018-02-05 12:57:48,dcc9 8622 26f4 1cgg 6dd6 4244 5d9e f5gg e6d8 8834 6884 b2g2,
498360,1,497827,488072,2018-02-05 12:57:56,adcd 2288 6472 4fca 61d1 4fbd e597 8gb6 3eee 919c 8848 d1e4,
498361,2,496711,457502,2018-02-05 12:59:49,adcc 7826 2a42 4gcf 6163 d1b2 5e5e bgbg g32d 4489 68b8 egge,
498362,1,498153,477112,2018-02-05 13:03:24,dddd 7827 6a27 2c1a 83d3 8fd4 e5be g6g1 85gd c469 b888 2b1e,
498363,4,494859,347236,2018-02-05 13:04:25,da99 8578 aa7a cf1g 8614 8781 9ded 1gg7 4d44 8113 ad8a 2ggg,
498364,6,498357,269676,2018-02-05 13:04:25,d99m 7856 4774 41b1 d664 775k cd7o 45b1 4674 2243 9fgd ffof,
498366,1,482747,482949,2018-02-05 13:08:08,d99c 5852 f274 gfcg 6dd1 bf22 65e6 185b 2eeg 7196 46b8 gg22,
498367,3,495331,216520,2018-02-05 13:09:07,aaac 8767 f724 19fa 116d d455 f5fe 5851 6d68 1268 b8ac bddf,
498368,3,493204,344327,2018-02-05 13:10:48,9da9 8527 47a2 fafa 63d1 1312 797f b28b 658o 1428 fbg8 ge2c,
498369,4,482643,494102,2018-02-05 13:12:44,9ddc 75k2 7424 4baa 4d68 3788 ddf7 7777 7d46 818i abad daeb,
498370,3,490819,490730,2018-02-05 13:14:09,99ad 7758 f22a gggg 6883 257f 797e 8256 33j8 4124 gd9b 2go2,
498371,13,246650,488984,2018-02-05 13:18:57,dam9 8856 74fa f4af 6861 5855 9edo 71f1 8736 2222 apag ceac,
498373,4,489113,471036,2018-02-05 13:22:01,ccdd 7852 a4ff af4p d381 2818 7dde 247r 477e 1616 fgbg bege,
498374,3,495016,467759,2018-02-05 13:23:21,ddac 6878 f447 f9a1 6644 2241 e9do 555h 6e8e 1834 d89f cge2,
498375,2,497884,494322,2018-02-05 13:23:36,d9cd 7867 a4aa 1g44 d6d3 3b74 65eo g86b 3gdd 8899 99a4 1g4g,
498376,1,492825,390550,2018-02-05 13:24:19,dc9d 6657 fffa f4ab 6638 1434 e6df 17bg ge86 2431 64b8 d11g,
498377,3,498375,492984,2018-02-05 13:30:33,d9dc 726k 4aa4 g4c4 d6d3 bf74 55do g68b 3edd 1899 4984 2g4g,
498378,2,487963,472059,2018-02-05 13:30:59,aada 6752 6722 ca1f 3d83 8dbf 7c97 g6bg de32 6991 64b8 bd2d,
498379,1,494519,456581,2018-02-05 13:32:42,dadc 6277 422f fcga 7338 7157 9de9 22g1 dge6 1836 9g6a 2244,
498380,1,497846,497906,2018-02-05 13:32:56,a9ad 6585 a77a gcfg 6161 12dd 6d99 g6gb e688 a9c8 6b88 4412,
498381,8,495998,496331,2018-02-05 13:32:56,a9am 7667 4ff7 f2ga 736d b75f 9c59 866g 5e64 4878 9b48 eg4g,
498383,5,498319,484813,2018-02-05 13:37:26,adcc 8277 ff4a 9gfa 83di 4214 ece9 17p7 2722 3971 b9f4 cggg,
498384,6,493664,495927,2018-02-05 13:38:43,a9c9 7772 2772 aaap 6666 141d 6679 b87g 7627 9348 dd8n cddg,
498385,7,482510,494948,2018-02-05 13:41:50,a9dd 7528 a442 11ag 1d3d 1d14 6fb7 8ggg 574o 8124 66gg 2gc2,
498386,4,470167,450836,2018-02-05 13:42:35,9dad 77j6 ffff fab9 6484 117i fcfe 5251 6677 843k cbmd feae,
498387,7,480976,479359,2018-02-05 13:45:05,a9ac 7278 47af ff9p 6363 1475 f79f 4j6k 4686 6241 6c9f gfde,
498388,13,497854,495845,2018-02-05 13:46:25,dcdm 6686 7afa ff4c 8668 4751 5mbm 16r5 264o 832h pbdn geee,
498389,4,497585,439812,2018-02-05 13:46:40,c9cd 6867 a474 b444 4686 7728 fdc9 b64p 8e77 7836 agga aegg,
498391,12,497269,489107,2018-02-05 13:55:35,da9c 8867 ffa4 fgf9 184d 777k f7em br5r 8e2e 3822 gdnd fede,
498392,1,497827,498153,2018-02-05 13:57:58,9adc 7282 2f7f gcca 67dd f12d e557 86g1 5eed 14c9 b848 g414,
498393,9,494806,493635,2018-02-05 13:59:32,9aac 2567 6277 banm 4d16 223d cadd 186r 88k3 3371 b8dn dddc,
498394,2,472462,473040,2018-02-05 14:02:16,ac9a 8787 24f2 9bfb 841d d477 6757 g58g 24d6 9696 d68b dcde,
498395,3,494156,495654,2018-02-05 14:04:39,99cc 5256 f467 4gga d83d 841b 65d7 4g1j 57kj 1333 bbaa gd2g,
498397,1,493967,496074,2018-02-05 14:08:48,cdcc 8772 2a44 9agg d336 b82b cdce gf66 22gd aac4 b6d8 2141,
498398,7,497360,493387,2018-02-05 14:09:13,acc9 5552 2fa2 9fb4 166d ddk1 afcm 656r 74e2 9843 g8gg eepg,
498399,19,497603,497627,2018-02-05 14:10:02,dc99 6568 f42f ba1g 688d 8572 boe7 f7jh 854i 3472 9aab ggpd,
498400,4,498361,498367,2018-02-05 14:10:02,dacc 8862 a272 41ca 1663 dd55 e5fe 851g g328 1288 68ac egge,
498401,21,488815,300061,2018-02-05 14:10:39,acd9 5685 fa72 494a 4464 7878 779d b671 4476 8282 adaf ccfo,
498402,8,494643,493201,2018-02-05 14:12:08,9aad 7275 f277 bp2p 4114 d8k1 769c 621r 448e 7316 banf de22,
498403,5,497957,289584,2018-02-05 14:13:19,dacd 8756 a2a2 a9pg 611d 8332 bdfd 27j6 4846 3862 ffdp ecea,
498404,9,481973,472115,2018-02-05 14:13:33,99dc 2862 2462 ccaa d3dd 844i ee5c 5g6j ddo3 9747 688b 2c22,
498405,1,497933,484358,2018-02-05 14:13:33,cdda 2276 7f7f f4g1 171d f11d 97d9 g65g ege2 984c 4b8d 12gg,
498406,6,496326,471810,2018-02-05 14:15:13,ad9a 5525 f772 gfb4 4886 4d27 ce9d 55b2 54gk 2872 9gbg dgbe,
498407,2,498405,498362,2018-02-05 14:19:07,dddd 7227 af7f 24ca 137d f8d4 979d 6gg5 8egd 94c8 b888 12ge,
498409,2,496711,498392,2018-02-05 14:23:22,9dac 7826 2a4f 9gc1 63d3 d2b2 7e59 68g1 ge2d 1c49 b488 g44g,
498410,1,497202,493715,2018-02-05 14:23:46,9c9d 2758 ff74 941c 6d16 fbb4 5c69 g815 5deg c114 844b g44g,
498411,1,489342,489452,2018-02-05 14:24:36,9dcc 8286 f77a 4cfp 3661 2d8b 6c5e g65b 26ee 8111 8988 111e,
498412,3,475388,465702,2018-02-05 14:33:35,9cda 7726 f7f4 fffa 114i 1212 dbd9 bb71 6777 8323 add9 bedg,
498413,9,480013,396968,2018-02-05 14:33:35,9dad 5566 4f7a b9af 6648 7557 beec 6b5b 566j 3632 g9fg eeda,
498414,9,421493,498381,2018-02-05 14:35:46,ddca 7667 af24 9gga 7446 b7f5 cf99 6542 4664 4878 abpa eeaa,
498415,7,492204,493449,2018-02-05 14:35:46,c9da 7257 faa7 9b4p 4816 1424 97f5 b5gr 4477 7311 bb9n ee22,
498417,2,460111,496307,2018-02-05 14:37:36,9da9 6765 4a26 a41f 7d6d bd12 eebe 8ggb d8ek 2878 g44g d1g1,
498418,4,498412,497585,2018-02-05 14:41:14,9c9a 7727 f47f fffa 4146 27d1 fe99 5b7p 8747 8386 bdd8 bbgd,
498419,11,493767,488831,2018-02-05 14:42:35,cdcd 6677 72f4 9a4g 11dd 5278 9efm 751r 3eoo 8687 ddan gggg,
498420,13,406363,213259,2018-02-05 14:43:08,9dad 8588 f77f gfgm 1141 757k bb7b 22bh 7875 6226 gdaa fddc,
498421,5,453045,452924,2018-02-05 14:44:39,cdd9 5786 4a27 aafa 1883 5537 79df 5767 36i4 8734 dbag ggfb,
498422,2,498360,203400,2018-02-05 14:48:13,9cac 8285 4aa7 f44a 6146 5f5d e797 1515 43ee 71ci dfa8 ceao,
498423,4,269676,400965,2018-02-05 14:49:06,ac9d 5888 a74f 4gb4 d148 8257 bd7d 5476 4464 6322 dbda fffc,
498424,4,479253,324399,2018-02-05 14:49:49,aac9 7566 47f2 49fa 3466 7877 bc7d 4b66 484k 2378 gadd cfda,
498425,5,372899,284415,2018-02-05 14:50:21,c9ad 5765 74fa bpgp dd1d 3888 a7ad 176b 7466 3464 afag fcca,
498426,1,497989,386264,2018-02-05 14:50:21,adad 2878 6f44 afa1 4844 f85d 9c7c 5b16 22g8 2c7c 6bbg g4eg,
498427,2,460111,496307,2018-02-05 14:50:49,9dca 6786 aa42 a4n1 4611 5d12 ebee g82b 6ed8 8682 4448 11gg,
498428,5,498418,418708,2018-02-05 14:50:58,d99a 8277 4472 b4ff 8446 1217 fe99 5b7b 7847 8372 dbdf dggd,
498429,3,496619,497323,2018-02-05 14:50:58,caac 5865 f4f7 441c 661d f474 eed5 56gg 2d88 4871 6444 2212,
498431,5,468934,438568,2018-02-05 14:52:25,cdcc 2588 faaf 99cn 88d4 2257 95c7 561p 683k 7888 b88b 2ggb,
498432,2,466767,415289,2018-02-05 14:53:46,d9a9 655k f722 94bf 888d 8d83 7f59 18f5 e222 1416 daa8 ede2,
498433,3,498422,476227,2018-02-05 14:54:46,9cac 8285 afa2 cf4a 3146 d4d5 6ee7 8555 5d3e 7761 6b88 2eae,
498434,3,498407,451145,2018-02-05 14:55:37,daad 7272 af7f 24cf 8d7d f225 799o 26g5 8edg 948c bbgg 1eee,
498435,21,179754,56618,2018-02-05 14:57:37,c9mc 7776 a27a baf1 6611 7577 f97o 6b47 86kk 73i3 gaa9 efce,
498436,3,486932,487062,2018-02-05 14:59:05,cacc 7755 4774 g4ac 8486 4247 e9f7 64bb 8865 6278 adbd decg,
498437,11,469388,495026,2018-02-05 14:59:37,9aaa 758j af2f f2bg 1431 47f7 7cca gg65 73g8 8261 84bb caea,
498438,6,498400,465184,2018-02-05 15:01:53,daac 27k7 2744 114g 16d3 dd55 edoe 58jg g236 7488 fagb gbea,
498439,7,3791,486402,2018-02-05 15:02:58,aacd 6587 2747 bgfg d111 7575 d9ed 7777 68k6 8288 g9gf dece,
498440,3,498409,284465,2018-02-05 15:03:26,caca 8766 2aaf 9g4f 4663 5722 ce59 6521 ge2d 1c9i 4bg8 gg4g,
498441,2,498426,396308,2018-02-05 15:03:26,ad9c 8787 6f44 194a 468d 28d5 7cc7 5577 86g8 2288 b6gb dggg,
498442,13,487314,485405,2018-02-05 15:03:51,9add 86j5 4f77 aabm 6361 3555 9faf 21r7 8624 1222 f98n eggc,
498443,5,494286,489979,2018-02-05 15:03:51,c999 8277 f7aa 44ap 867d 37f2 dce7 68rg 76e2 9923 9cb8 bgee,
498444,2,497884,494322,2018-02-05 15:05:05,c9dc 8726 a4af 24ga d36d b374 65de g185 324d 8434 448a 41gg,
498445,6,487625,473098,2018-02-05 15:05:11,a9ca 5256 f4a4 abpa 1361 5557 e7ce 2gb1 588k 7866 gd9p fcoo,
498446,10,269099,494741,2018-02-05 15:06:54,aacc 2675 477f 4g49 16i3 77d2 be77 4415 4428 a863 d94d fedd,
498448,4,498412,497585,2018-02-05 15:09:53,9dca 7772 7ff7 ff1a 1148 8278 bdd9 b7bp 677k 8326 gab8 bgdg,
498449,6,498307,498099,2018-02-05 15:14:00,cc9a 5266 f447 44f1 1111 481d e9c6 5512 ed7o 3467 ga8g edb2,
498450,20,437810,236442,2018-02-05 15:14:54,9da9 8577 af22 4bfa 1848 2531 eb7d 6414 7484 8868 bdf9 ddge,
498451,11,339583,488019,2018-02-05 15:17:24,99a9 8668 f74f f4bf 6648 5827 79fd 6125 8784 6882 bdb9 gedg,
498452,2,297170,408359,2018-02-05 15:17:34,aac9 8768 77fa ga4b d8d6 1715 99de 2454 6464 423i 9d9f dggg,
498453,11,495234,492948,2018-02-05 15:17:52,cadc 866j f44a 99a4 83dd 7484 7mf7 r182 2ge6 3144 gb8n 2geg,
498454,4,498433,498367,2018-02-05 15:17:52,9aac 8267 aa24 fcfa 31d6 d45d 6e5e 5851 5d3e 2768 b888 2ade,
498455,7,497404,498238,2018-02-05 15:19:50,9caa 7558 7444 abaf 1163 1215 be99 82br d7dk 686c d9dn d2bg,
498456,1,497827,497933,2018-02-05 15:20:42,ca9a 2272 772f 1cca 71d6 f21d 65d9 g56j 32de 19c1 8bd8 114g,
498457,5,498448,497349,2018-02-05 15:21:19,9dca 5272 74f7 fcga d3di 2f44 cdd9 b558 67dk 9414 gab8 bdgg,
498459,1,498153,497989,2018-02-05 15:25:59,a9dd 2866 7a27 cgca 3366 f814 95ee 8gb6 22ge ccc9 6b8b 444g,
498460,5,497957,261495,2018-02-05 15:26:05,cacd 877k f2f2 9bpp 1614 277k dbfd 2b61 4646 3264 ffpd fgea,
498461,4,496208,494895,2018-02-05 15:26:43,aca9 7682 77a2 a9fa 6443 4755 cdde 25b4 8227 4468 b6bc 2g2a,
498462,6,497458,497796,2018-02-05 15:29:03,c99c 7852 72aa 9apa d6d4 4214 b99d b15r 646e 9488 bdcn 2ge2,
498463,3,487062,486932,2018-02-05 15:30:12,cccc 56j8 47a7 4gcf 4688 1422 c997 446b 8366 7668 dabc gecg,
498464,7,337648,478138,2018-02-05 15:32:46,9aad 57j7 244f 1bbb 1441 7755 bdc9 2275 4874 7382 9afb fefo,
498465,7,498449,488559,2018-02-05 15:34:35,9cd9 5266 f47f 4fa4 1111 7818 e9md 77r2 47d6 4367 ggdn ed2g,
498466,4,497776,496124,2018-02-05 15:35:31,dcam 7567 7727 9gcc 168d d7bd 9ebb b88j de88 7917 64df 2112,
498468,2,498456,498459,2018-02-05 15:36:46,a9da 8262 772f cca1 3663 821d 65d9 5gb6 23ge c1c1 8bd8 144g,
498469,1,411682,479844,2018-02-05 15:36:46,adaa 8526 4a24 f14a 3dd8 f45f 9f6d 6b12 gd77 3748 b9gb 22eg,
498470,8,498455,491606,2018-02-05 15:36:46,9aaa 5288 f42f acaf 4883 1715 699m 82br edek 7867 d9ng dgbg,
498471,3,496389,495041,2018-02-05 15:37:47,acad 5777 6274 af91 634i 244d 976c g6g8 g28d 1934 d48f c1g2,
498472,3,489963,493803,2018-02-05 15:38:23,9a9a 7766 f4a6 4c9n 6d1d bb3h 5eb9 b7g6 2g6j a141 64bb df2n,
498473,5,268915,351023,2018-02-05 15:38:23,a9d9 6878 2722 ggfg 11dd 7573 bcef 5271 6667 8483 gg9d abed,
498474,13,496137,495339,2018-02-05 15:42:49,9d9a 6568 f2ff abag 6164 5774 aafj 562h 8476 6377 gb8f 22ab,
498475,4,437810,490786,2018-02-05 15:46:57,dad9 8676 4274 c1af 83d3 4431 d9cd 6b46 4274 9871 bdbd 1ee2,
498476,10,498142,478757,2018-02-05 15:47:05,ada9 7856 722a bagb 1616 7874 d6df 22g7 47d6 3188 gf4a e1fo,
498477,1,497067,497038,2018-02-05 15:47:37,9dd9 2775 647a cfcg 631d 22d4 be97 ggg6 88de a49c 4684 114g,
498478,4,498412,497585,2018-02-05 15:48:57,ccca 8676 f4f4 4caf 414i 828d b9de 5b7p e84k 8332 bdd9 bddg,
498479,9,401806,34334,2018-02-05 15:51:21,m9am 67k7 af4a b4m4 1484 5855 ecf7 667b 7857 8786 fgfa ecee,
498480,3,496619,497323,2018-02-05 15:51:21,9aac 7775 4f2a 4a4a 161d 4b4b 55db 866g de8o a871 d648 221g,
498482,7,480377,441508,2018-02-05 15:56:42,a9ca 6j58 2f26 4f4n 8d48 2f25 57cj bg1p 4462 8244 bg88 e2g2,
498483,4,448319,447513,2018-02-05 15:57:59,cdcc 5658 a277 aa4f 4846 8828 d9de 55bj 3786 2273 dbab cggb,
498484,2,490437,475842,2018-02-05 15:59:06,cccd 5678 4af7 9f11 6764 2b5f ee7e 566b gd88 9739 46a8 22gg,
498485,2,484856,474195,2018-02-05 16:01:14,adac 8662 af24 4f41 6114 21f2 eddd 15gg 32ee 2419 dbd8 2gdd,
498486,2,497884,494322,2018-02-05 16:01:14,cccd 8776 af4f g914 3ddd bbd4 7d7e 6155 32gd 8399 9484 41g1,
498487,2,475765,485095,2018-02-05 16:03:17,adc9 2288 ffa2 1ccg 1d86 d244 ecd7 b58g 358o 4484 968b g222,
498488,1,495401,497513,2018-02-05 16:03:17,d9ad 5656 7642 ag1a 7161 f24d d6e6 151g g582 8a11 844b 211g,
498489,3,494195,493832,2018-02-05 16:03:54,ddc9 6267 a744 1faa d616 512d c79d 2662 6443 2323 bbd8 geae,
498490,1,443192,429688,2018-02-05 16:04:50,9cc9 8675 2a24 99fb 613d 3154 eb97 52bh 666k 3246 bgaa ggde,
498492,8,483572,495287,2018-02-05 16:07:55,9dc9 8575 ff24 49a1 6186 d522 6f6o b65p 766e 63i9 b94g b2d2,
498493,13,498419,490658,2018-02-05 16:07:55,ccdd 6677 72f4 ga1g 11dd 52k8 emfm 71rr 2eo4 8464 gbnn g2gg,
498494,6,492002,496301,2018-02-05 16:10:22,ad9d 876j a6a2 ccmm 1881 1474 bc9c bfgg 8833 9678 gabb e22e,
498495,4,474631,494050,2018-02-05 16:12:11,9d9c 8272 f77a bgb2 d38d 72df cffd b651 2d22 6a31 68b4 g1eh,
498496,15,384981,495986,2018-02-05 16:12:23,d9ca 8256 a4a2 affg 646i 8d55 7e9c bhhj 76e6 3236 gf96 fdad,
498497,8,487684,471967,2018-02-05 16:12:49,99aa 7877 4777 9cac 8883 8155 5b57 5pg1 g688 2368 g4a6 gggg,
498498,9,369068,488740,2018-02-05 16:16:45,d9mc 6875 a42f 44ag 66d1 557k ddem 6175 477e 8846 dgan bfaa,
498499,8,485597,481512,2018-02-05 16:17:21,ccac 2588 2474 famm 688d 2ddd 99jc 516j d8ee 6314 6bb6 edeg,
498500,13,481164,113144,2018-02-05 16:17:51,acda 8586 774a bg1b 4418 7351 b9eb 6b2b 75kk 8484 dagc edfn,
498501,1,489835,489619,2018-02-05 16:19:15,acac 2727 ffaa 9c4c 3dd1 bbf4 de9d g8g5 dg3d a899 4448 e2gg,
498502,3,419531,472610,2018-02-05 16:20:30,aaa9 675k fff6 144b 4846 22dd 7c5m 7556 8773 1628 9bg8 egde,
498503,3,475388,474792,2018-02-05 16:21:50,ccdc 7868 477f a1ba 48i4 258d e777 b651 e574 8646 dd9d ebdg,
498505,10,491909,482057,2018-02-05 16:22:34,9dc9 6652 7f4f bbbb 4188 188q da99 2gff 384k 6267 bbmm bd2g,
498506,10,493722,485281,2018-02-05 16:24:06,daa9 7668 a2fa 9fam 1188 4378 eccn 265r 66e8 4162 bdf9 gee2,
498507,2,495894,431357,2018-02-05 16:25:56,c999 5688 62a4 19bc d88d d822 bfdd 7gb1 6377 7246 aabb egdd,
498508,6,476785,488284,2018-02-05 16:27:58,999d 5577 4f77 a1ac 3666 8758 eddf 57jr 646i 28i4 agbd gabb,
498509,11,498439,255277,2018-02-05 16:30:16,m9ad 6587 22f7 bf1a 4141 377k dsed b774 67k6 2366 aafg dbdd,
498510,3,449685,417956,2018-02-05 16:30:38,cda9 6822 4af7 1a4b 613d 81h1 ede9 2656 8687 644h bddg ggee,
498511,5,473926,495758,2018-02-05 16:31:14,caca 2627 4474 a4ff 3381 d884 bc96 8b1r de7d 786i bag8 e2bg,
498512,3,497670,491975,2018-02-05 16:32:05,9ddd 2777 24f4 cag4 3d1d f44b ceed bgg1 d23e 919a 9d48 1141,
498513,2,498212,494868,2018-02-05 16:33:40,a9cc 6887 7774 4ac1 3711 fb4d 757d f8bg 8e2e 91a1 84b8 11g2,
498514,10,478139,485531,2018-02-05 16:33:40,9add k857 af74 f4g1 d8di 885h 9a79 2152 4268 8862 fgd8 gdbe,
498515,3,495016,467759,2018-02-05 16:34:20,dcca 7868 4f44 4a11 6143 72d4 d9e6 655h 664e 1863 94af ggg2,
498516,6,470914,457752,2018-02-05 16:34:44,9cdd 7588 fa46 1ab4 86d3 485d ecbe b565 e78r 7466 6bf8 bfga,
498518,5,466385,477353,2018-02-05 16:36:50,a9c9 5556 242a c14a 31dd 3824 c997 516f 8687 4768 bbba bdgd,
498519,22,496826,189187,2018-02-05 16:38:33,a999 5667 42ff bga9 6616 7575 dbbb b774 5k85 8476 ddda dabf,
498520,2,497048,496831,2018-02-05 16:40:37,ccda 282k a747 cg1a d766 b8bf ed67 6f85 ed2e ca4c 9888 21g4,
498521,2,492617,467012,2018-02-05 16:42:32,aada 5622 7727 f14g d13d 4488 b9d6 f186 dg2d 3118 448m 1222,
498522,8,488631,488475,2018-02-05 16:43:36,cc9c 5856 fff4 1a44 1d1d 215d d7cm 1612 567e 2336 g9ag cee2,
498523,11,489951,496559,2018-02-05 16:43:45,9cca 667k 2f46 a9b9 1611 bk58 d6e7 b65b e762 1641 bsca bhfg,
498524,10,498083,484370,2018-02-05 16:43:45,dd9m 78k6 ffa2 4a4f d416 1127 ad79 7154 666i 234k b9gd gdee,
498525,5,498448,497349,2018-02-05 16:43:45,dacm 5278 7ff7 fc1a 134d 4f74 ddb9 b58p 7d7k 8324 8ab9 bgdg,
498526,2,419346,477113,2018-02-05 16:45:11,adc9 2577 6a44 ag41 3448 731f a9cf 866b 5e42 4418 bbbb gg2g,
498527,9,498482,483095,2018-02-05 16:45:46,addm 5jk8 2462 f44n 1dd6 2f78 e77j rg11 4684 8221 bcnn egc2,
498528,5,439846,321049,2018-02-05 16:46:12,damc 6768 fa27 1bag 884d 8228 cdb7 42jj 37i8 6263 a9ba eedb,
498529,2,498405,498469,2018-02-05 16:47:27,cdda 2266 fa24 f411 17d8 f14d 9f9d 651g eg72 734c 98bb 12gg,
498530,4,497514,344359,2018-02-05 16:47:27,ccdd 5575 77ff g1fp 4646 7853 9fdb 4244 6782 8684 afad cd2a,
498531,1,497989,475963,2018-02-05 16:51:19,9cad 2268 4f4f 4gca d388 881f 9be9 bf68 egde a139 688b 4g2g,
498532,1,497933,488399,2018-02-05 16:51:35,ca9a 6556 777f fcf4 1d76 d14d 6bdd 6g56 dg2e 3199 8db8 g1dg,
498534,12,495793,493637,2018-02-05 16:51:48,a9cm 8872 27a2 4aa4 886d 7177 ef5m 11rr 7o6e 4214 pbnn efpg,
498535,5,495452,493587,2018-02-05 16:52:22,a9d9 7272 7a47 1cgg 6311 b28d 55e5 1g65 668g 39a3 8888 e1e1,
498536,7,498400,322158,2018-02-05 16:55:06,a99d 8658 a274 41c1 166i d755 edfm 4611 8328 2837 gcca eggd,
498537,1,473162,473878,2018-02-05 16:55:06,cdd9 8522 64f7 2cgc 3388 4f44 66e9 851g d8gd 7499 9dg8 22ee,
498538,22,495682,497279,2018-02-05 16:55:12,99ac 7756 a7f7 g9mp 3188 2177 6cfd b56b 6276 1131 bgnb dg2o,
498539,1,498153,449589,2018-02-05 16:57:38,adda 7862 a272 1c1g 761d 8447 edee b6g1 8627 c8c9 g468 4141,
498540,13,496994,496557,2018-02-05 16:58:26,cd9m 5526 6ff4 4bna 8618 2425 ed5n b5rp 664i 394i gggm gdbd,
498541,4,498471,495975,2018-02-05 17:00:25,a9da 5777 f2a2 fa9c 664i 24dd c99n 6gg8 e6ed 9134 d888 12g2,
498542,3,488340,486932,2018-02-05 17:00:56,9cc9 6528 4aa7 a4fa 8368 2172 e9c9 45b6 8867 3732 9dbd ddde,
498543,5,498418,438568,2018-02-05 17:03:11,c9aa 752k 74af 9ffb 48d4 277h f79b 1b71 8787 8866 badg gdgg,
498544,1,477652,492736,2018-02-05 17:03:29,da9d 6662 aa2a 94ca 7361 d4b4 5b6e g115 d6e6 7968 6888 dgd2,
498545,11,441551,454306,2018-02-05 17:03:36,aacd 8272 aff2 fa1b 8d3d 4145 e9f7 5211 35i6 2731 9abd dgbg,
498546,13,467654,495166,2018-02-05 17:06:15,cdda 5775 4f22 a92c 1366 177f eded 114g 6e2g 3478 d88d ceda,
498548,4,498452,498503,2018-02-05 17:07:29,cac9 866k 77ff 1aba 4di6 117d 997d 2651 6754 863i 9d9d bdgg,
498549,14,497909,498077,2018-02-05 17:08:49,999m 288j 2426 aa44 6dd4 57kk m599 b11r 2dee 41h4 dnnn f2eg,
498550,4,498412,497585,2018-02-05 17:09:05,c9a9 6727 ff77 f4ca 18i4 8721 db99 5757 e87k 8873 abd9 bgdg,
498551,2,496786,496849,2018-02-05 17:10:35,cd9a 7568 ffa7 41aa 6668 fbbb 6795 881b 5644 a98c 868a 2414,
498552,19,495222,479454,2018-02-05 17:12:28,c9c9 7878 4f2a a9fh 6831 2444 67fj g1gf 7584 9431 9g66 bcdg,
498553,14,498383,498333,2018-02-05 17:13:15,cdcc 8j27 6727 a4fa 836i 2784 ce9m 15rr 7o22 4268 69nn bggg,
498554,4,497514,216111,2018-02-05 17:13:53,ddac 5677 aa4f agfp 6646 3777 d7e9 b22h 7782 2686 daad ffae,
498555,11,496413,341919,2018-02-05 17:14:01,aadd 8625 aa74 1g94 6663 bb8d 59c5 56j6 8g52 1894 8d84 1fah,
498556,21,454485,465458,2018-02-05 17:14:11,dd99 5677 2424 fa4g 1646 7k75 offf h75h 77jk 4886 f99g fcad,
498557,4,489196,484716,2018-02-05 17:14:30,c9c9 2557 aa77 49cp d313 281d e75b g58j 2eo2 99i9 688b 2de2,
498558,19,272660,306219,2018-02-05 17:15:58,cm99 7677 4444 fggp 4664 7577 7fc9 644h k777 688k 9ggg ffca,
498559,6,498457,497130,2018-02-05 17:18:50,9caa 5752 7f77 fgaf dd84 2324 dc99 b58p 746r 6181 bagg bdgg,
498560,4,481471,497753,2018-02-05 17:19:09,ac99 5272 a7fa 2cca 3d83 4424 575d b6g1 d62e 3886 4866 eg2g,
498561,18,480745,495340,2018-02-05 17:19:59,dcdc 8687 746f gc9f 141d 1252 edb7 227h 82g4 3338 8dga bcdg,
498562,2,491492,433496,2018-02-05 17:20:36,aa9c 2552 7a47 44ff d6d1 4282 99eb f65h 562d 2867 44b8 dge1,
498564,2,471789,479627,2018-02-05 17:22:58,adac 2225 7a47 cccf 38d6 d4d4 9ccd gggg e2oo 4118 9888 dgg2,
498565,6,497630,391279,2018-02-05 17:27:47,ad9d 6675 22a2 1gg9 6866 2152 ed5e 186r 44o4 36k1 a9dn fg2g,
498566,5,497957,267578,2018-02-05 17:28:07,aada 8677 4ff2 9ffp 6161 2538 bddd 6125 4664 2282 fadd egaa,
498567,6,498129,496651,2018-02-05 17:29:19,dc9a 6672 72f4 b9fb d66d 3244 bd7d 56gr 3626 3764 b89g df2g,
498568,7,484908,485456,2018-02-05 17:29:32,ca99 8228 7aa4 91fm 66dd 7574 c7cc fj5b 7378 1282 g9nn cegg,
498569,11,492056,471236,2018-02-05 17:30:18,aa9c 7676 2277 4c91 8483 7dd2 57e9 7255 27ej 7646 9dg9 e222,
498570,12,494224,488955,2018-02-05 17:31:14,99dd 222j 7faf 42c1 4d84 84k2 6e7m 6rr5 4eeo 8946 gn9a gec2,
498571,5,498418,497349,2018-02-05 17:34:24,aa99 5528 f4a7 2fac 1d36 724d fd99 g855 d77k 8164 add8 bbdd,
498572,9,491190,488631,2018-02-05 17:35:04,d99c 5822 f2f4 gcfa 11d1 81d2 7ccd f1gr 6go6 3336 d9ng e2e2,
498573,8,492262,498439,2018-02-05 17:35:16,acc9 6787 f7f7 afga d166 4175 66em 777g 6ke7 2878 g89g 2gce,
498574,6,498457,497130,2018-02-05 17:35:16,cdca 7755 ff72 4fgf 8di4 2f34 cdd9 55gp 774r 6818 gag8 bggg,
498575,6,314792,491392,2018-02-05 17:35:33,9cdc 5268 7224 9acg 6d61 d385 dadd b254 44ek 974i 99gd bfcd,
498577,5,495709,480384,2018-02-05 17:36:50,c99d 8886 a2a2 agbg 4333 8d41 ebb6 5575 6e7k 411i gaa8 g2e2,
498578,5,471732,491418,2018-02-05 17:37:06,99ca 7568 f727 bgb4 4861 2448 cf69 6176 g826 4692 a64b ggg2,
498579,14,341017,498371,2018-02-05 17:37:42,9a9m 8768 74f2 f4bb 4486 7555 dedm 14f1 683k 2846 cpab dgfc,
498580,11,485097,479615,2018-02-05 17:38:59,dmdd 6525 a7a2 1fbf 8iii 8284 f799 1b56 44kg 2848 9ddb 2bcf,
498581,10,498470,488578,2018-02-05 17:40:38,99aa 6888 42f4 4caf 483k 2785 79em 82rb deee 8382 dbnn fdbg,
498582,12,498509,492262,2018-02-05 17:40:38,mc99 5857 ff77 fa9a 4141 4172 6s6e 5b7g g7k6 4367 98fg 2ddd,
498583,8,498415,498365,2018-02-05 17:40:48,adaa 7225 ff24 194c 3816 142b 97f5 f1g6 8477 71c8 4b89 2242,
498584,2,487903,465554,2018-02-05 17:42:01,99dc 8825 4af7 14cc 6886 2fff 6799 51g5 e37e 8833 66bb 2edo,
498585,7,496195,498567,2018-02-05 17:42:29,a9ca 6272 7724 a9f2 66d8 d142 bf7d 516r 67e5 3644 gf9g 2fg2,
498586,6,497650,485224,2018-02-05 17:43:47,9aac 5565 af4f fc99 83di 4284 ee99 252p 6k8e 1694 da88 2g2g,
498587,4,493582,472509,2018-02-05 17:43:47,9aca 5727 f244 a2bf 8438 7742 7edf 1b55 5747 6421 84ga bdep,
498588,7,496281,496495,2018-02-05 17:45:22,99ac 5575 a4f2 abpa 668d d422 be7c 7bgr 67e6 72i7 89fb dgee,
498589,9,498220,495125,2018-02-05 17:45:49,d9cm 7822 2a77 cbf4 646d 777f 667n 11r5 82e7 8374 fgf8 aeee,
498590,13,496635,495875,2018-02-05 17:50:44,daad 2657 a27a facb d383 db14 e59f b1g7 e273 4366 aagg fgfg,
498591,13,473086,484644,2018-02-05 17:50:44,9caa 5k88 4a2f ab44 6111 7df8 fab9 5bg2 d887 7983 g6bm dceo,
498593,3,496619,497323,2018-02-05 17:52:14,dca9 7876 f4af 94aa 73d1 754b 5eee 856g dee8 4793 64df 121g,
498594,3,480386,491755,2018-02-05 17:52:14,dacc 5767 2aa4 144f d111 1212 fe99 b75h 76k6 2648 bbgd ggge,
498595,1,476079,450193,2018-02-05 17:53:58,d99d 5786 244f gaga 3636 f4f4 6676 g555 826d 7613 ggd8 gg2d,
498596,1,484511,448934,2018-02-05 17:54:41,999d 6266 77a7 acfa 7811 2bd4 bc9d b156 76d8 966h aba8 gg22,
498597,5,498448,466890,2018-02-05 17:56:46,99da 5757 7a7f ff1a 1148 2785 faac 7b1p 767k 3843 agb8 bgeg,
498598,6,492254,496995,2018-02-05 17:58:18,9cc9 7627 ff2f 4pbg 7dd8 2d74 dcm7 68kb 6762 7923 dbb8 pgee,
498599,14,497397,495521,2018-02-05 18:00:03,99dd 5576 447f 1cga d664 418k 9cb7 6jhg 8483 7377 abbb ggfg,
498600,3,495654,494156,2018-02-05 18:01:37,99cc 5627 f647 4gca d3dd 814b 5ed7 b2gb 55kj 3338 b8a8 gdg2,
498601,6,498525,497331,2018-02-05 18:02:39,aacm 5278 7f27 1ba1 381d f2f4 deb9 b78p 78k2 3212 8db4 gggg,
498602,7,490603,495774,2018-02-05 18:04:18,daad 7826 a22f 1f1c 63d8 2b14 6jdc 8gb1 ggdd 8179 88db 414o,
498603,6,497404,497449,2018-02-05 18:04:40,99da 7622 7af4 ab4f 8113 4d54 b7e9 b82r 7d64 694i d9gg d2dg,
498604,4,497776,496124,2018-02-05 18:05:25,d9ca 765k 67f7 2gac 778d fb4d 9ebb 8656 d588 8937 44df 2122,
498605,7,498586,498574,2018-02-05 18:05:52,9aca 7565 f4af f499 8id4 4234 ee99 5g2p 67re 1889 dag8 2gbg,
498607,5,498131,479220,2018-02-05 18:09:52,cdad 7726 722a 4a4f 8318 2741 7d9d 75bb 55kd 6116 994g 2eeg,
498608,12,495696,491991,2018-02-05 18:11:28,99ad 6886 4a26 aaa1 6446 818k dm7m b6gr d24e 144h gnnn ccfg,
498609,3,453111,419216,2018-02-05 18:13:38,adca 5875 7247 9a1f d68d 1117 f9c9 5b74 7778 8788 b99c dagf,
498610,2,484137,493424,2018-02-05 18:15:20,dd9d 7552 fa74 99gf 381d 5847 ddd7 7f71 g728 6189 g9cs 22eg,
498611,7,497494,495591,2018-02-05 18:19:20,a9a9 8522 aa4a bcah d711 ddf4 9edd f516 628d acam 84b4 224h,
498612,6,495605,483417,2018-02-05 18:20:06,cd9c 8527 f67a f4a1 431d 8188 7b9e bg6r 6562 7446 866n 2dge,
498613,1,498010,497255,2018-02-05 18:20:06,ddaa 5787 47a2 cgfc 1613 d21b 5667 b61g d22d 7714 6bd8 g442,
498614,11,498295,491355,2018-02-05 18:20:49,d99c 756j afa2 49cc d6d1 8841 7f7m 86r7 27ee 8k42 9bnd ebf2,
498616,10,478139,485531,2018-02-05 18:23:11,9aad 7867 f4f4 44a1 8dd4 877h 99be 2b55 7473 8896 ffgd gdna,
498617,12,498555,485273,2018-02-05 18:23:20,aadd 5265 a7a7 9ac2 6681 b18d 9cd5 fj66 eg63 7894 6bb8 2a1h,
498618,15,498455,495296,2018-02-05 18:24:18,acaa 7557 7a44 4ga4 11d3 1215 de79 852r eeek 946c d94n gddp,
498619,7,498449,498238,2018-02-05 18:25:31,aa9m 5267 44a4 4ca9 8311 281d e9b9 151r dd77 6467 g8gg 22bg,
498620,3,497519,498119,2018-02-05 18:26:40,dcda 8265 f76a c9a2 6766 dbfb e65e 585g ee8o ac78 8884 142e,
498621,5,486518,432139,2018-02-05 18:30:06,9dda 7885 727a 14ap d887 3724 cfdb gb1p 78d4 4314 864a dged,
498622,10,498589,492810,2018-02-05 18:30:06,cd99 6262 a247 cfb1 66dd 717f 677n 1615 88e6 4674 gff8 aeoe,
498623,10,383858,495634,2018-02-05 18:30:30,ca9d 86k6 f77f fcab 88i6 722d b57c 56p7 64g7 4446 bdam 2egg,
498624,15,498079,495838,2018-02-05 18:33:50,addc 5555 4ff2 441a dddd 222k e7ee r5r6 3e2o 6437 bnnn ggfp,
498626,14,498420,496981,2018-02-05 18:37:42,9a9a 6258 7f7f cfgm 1d46 75dk 67fb 25gh 7827 619m ggad ddcd,
498627,7,498613,323316,2018-02-05 18:37:49,dcda 5786 7f77 cgbc 6111 217d e67b b646 527d 7414 dfa9 aaab,
498628,5,472760,489904,2018-02-05 18:38:31,dac9 6267 2424 44ga 8684 d31d 7efn 5bp1 2638 6131 gb9g beeo,
498629,1,479415,479551,2018-02-05 18:42:57,cdcd 7822 642a 24cf d1d6 df4f bce9 686b d2eo 1964 6688 d2e2,
498630,2,492349,491409,2018-02-05 18:43:36,a999 2556 622a cgca d11d bb4b 55be 685g d2gd 4781 4448 2112,
498631,11,391381,498005,2018-02-05 18:48:03,9acd 75k7 472a g941 d8d4 5755 bbmo 6587 678e i476 bggg dcad,
498632,6,494662,498155,2018-02-05 18:48:52,9add 5625 f77a caa4 331d 8f84 9b9c g5bb d837 a93i bg4d e2gd,
498633,14,496692,497969,2018-02-05 18:51:08,ccaa 5665 4422 4aa4 dd77 42k2 7eee 6r6r 42o2 9634 dgng ggpg,
498635,13,497881,497077,2018-02-05 18:53:23,a99d 77k7 24f6 am4c 1dd4 1147 deeb 56gr ed74 286i bngn eb2o,
498636,1,498062,498211,2018-02-05 18:55:07,cdaa 2865 44a2 ccaa 3ddd 8d4b 6999 gg56 d3ee c7c9 b448 g44g,
498637,8,413787,440495,2018-02-05 18:55:35,dadd j577 faaf 141b 6411 5877 e7ed 1154 54k6 8888 agdd feoo,
498638,2,491127,431561,2018-02-05 18:56:34,9c9d 2826 a244 fbf4 36d6 1d72 ccee 6bb7 668d 3443 64d8 12d2,
498639,11,494190,498585,2018-02-05 19:01:10,99da 6678 772a bfac 3d6d d285 d77d 566p 6375 4443 gfbc 2fdg,
498640,2,497284,457728,2018-02-05 19:01:55,dacd 2266 af27 1ff4 8386 4415 c9ce gg51 gg2g 4874 b9dg 2ed2,
498642,19,486154,425296,2018-02-05 19:07:41,c9ad 7855 2222 a4aa 6184 7577 79cf 144h 46k2 8664 ffaf eafa,
498643,7,487450,498601,2018-02-05 19:07:41,a9cm 5765 427f b1a1 61d8 f2f2 df95 b1bp 68kd 3922 6bd8 g2dg,
498644,4,496880,498158,2018-02-05 19:09:22,c9cc 7665 24f4 11ap 613i 177k 5777 7118 3772 a191 898f 22e4,
498645,3,496441,464550,2018-02-05 19:09:53,dcad 8628 7fa2 c9aa d461 8df4 655d 5gbg 4d8o 8631 ab6d gc2g,
498646,4,417708,407446,2018-02-05 19:11:46,ddac 7765 f277 49bm 66dd 2255 ecdb b254 4674 3363 ddgp bdad,
498647,1,479415,479551,2018-02-05 19:16:23,dccd 6282 2642 42cc 1d3d d8f4 bce9 85g6 ee22 4361 6d88 eg22,
498648,15,477577,475166,2018-02-05 19:17:32,dd9c 6676 24a2 g1ba 46d6 8727 9d97 bf5f 866k 224i gbag fdge,
498649,5,498644,495634,2018-02-05 19:18:53,dc9c 7656 7f47 f1pa 811i 177d 75c5 1785 3d77 4191 b988 2bg4,
498650,4,498471,495975,2018-02-05 19:18:58,caca 5277 a672 fa9c 64i3 dd4d 965n b667 ee68 1624 b488 2e22,
498651,2,496339,490083,2018-02-05 19:19:02,dad9 6857 644f cc1c dd1d db44 7ece gggg g8ed 1999 4d4b 1212,
498652,1,463361,465760,2018-02-05 19:19:20,a999 7256 6aa7 ggcg 1313 d1d4 55d9 gbgg 6g2e 7611 9gd8 gg2e,
498653,14,498540,496428,2018-02-05 19:20:46,ccmc 2666 24a7 4nba 3886 d425 9cfn 15rh d64i 3196 gggg gg2p,
498654,9,297638,469063,2018-02-05 19:20:59,99ma 6777 7224 gf9c 611d 8574 9799 266h 8678 8464 9cnc cffa,
498655,10,498527,494911,2018-02-05 19:20:59,addm 85k6 a42a a44n 1d86 28fb 7b7j bg1f 43g4 8683 bc9n egcg,
498657,8,488937,488922,2018-02-05 19:22:18,c9cd 2725 af64 ffa9 11dd 5875 77fj 564r 784e 8224 bg9f fgeg,
498658,3,495177,476616,2018-02-05 19:22:18,aca9 2827 7f6f gc9f 81d6 18b1 ec9d 825j 28ed 4643 8b8b de22,
498659,2,497884,494322,2018-02-05 19:25:02,c9dc 6826 fa4a g194 d3dd bbdf d6e7 8g5b 72d4 8844 99a8 1g41,
498660,10,269099,494741,2018-02-05 19:26:02,acad 6885 4f77 fc4f 1143 717d b7de 4f55 44d2 3623 994d ge2h,
498661,3,471056,196845,2018-02-05 19:26:25,d9ca 2727 fa42 9agf 661d 5d5k cb7b 16g7 52o7 4633 988f fdap,
498662,14,498546,498514,2018-02-05 19:27:15,daac 7587 ff74 fa21 31d6 8875 a9d9 2425 42e6 3488 f88d gddb,
498663,3,407088,486932,2018-02-05 19:28:15,9cac 66j5 777a afff 8668 2227 cff9 4b4b 875k 7276 99dc geco,
498664,3,498119,497519,2018-02-05 19:28:32,acda 2886 772a 9ca2 7d66 d8fb 6557 fgg5 gede aacc 8884 2114,
498665,2,176817,389936,2018-02-05 19:29:04,ddda 7777 a724 91ag 4486 7877 9beb 6776 8777 2266 fgga aeep,
498666,6,498649,485224,2018-02-05 19:29:04,9a9c 7557 af47 f199 831i 847d e579 258p 3d77 1941 d9b8 cb4g,
498667,6,497838,497963,2018-02-05 19:30:02,9adc 8228 47a2 gggf 67dd dbd4 cfe5 868g 27g4 782c bbgn bd1d,
498668,7,498574,498586,2018-02-05 19:31:14,cdca 5765 ff72 ffgf 3di4 f283 ed9e 552p 67r4 6964 g88a 2ggg,
498669,2,496318,494900,2018-02-05 19:31:14,d99c 6765 fa44 4f11 31d6 f4d4 95de 88gj ee2o aa41 d688 11g1,
498670,4,498365,498515,2018-02-05 19:32:41,dcaa 7862 af44 4a1a 6316 72bd 69e6 656h 6462 c768 84fb gg44,
498671,15,498162,498004,2018-02-05 19:32:50,dad9 5582 a4a6 aa1f 6dd6 74k2 eemd g5rr egeo 2443 g9bn ecgg,
498672,2,497048,496831,2018-02-05 19:32:50,cdda 8827 7a74 g2a1 76d6 f8fb 6e67 f68g 28de 9acc 988b 11g4,
498673,2,470882,467603,2018-02-05 19:33:06,cc99 2577 f27f 4bcf 468d 357k db77 56g6 d6e4 2634 6d8b dgfa,
498674,2,493783,457413,2018-02-05 19:33:30,aadc 8228 6fff 9cac 3d63 b45b 6d57 68gg 7eg2 7931 48bg 22ge,
498675,10,496800,459000,2018-02-05 19:34:04,c9c9 5726 277f 41fm d618 1157 c99n b517 8347 2263 9bba aegb,
498676,9,483796,492621,2018-02-05 19:34:30,dacc 685j 4ff2 fgcp 631d 4845 b9ee 6br6 4664 3464 b88c 2d2p,
498677,1,412794,408978,2018-02-05 19:35:07,9dad 5675 2a44 9f1f 84d8 8522 9edf f517 7787 2286 adbb geeg,
498678,6,486397,485020,2018-02-05 19:35:37,cdcd 7622 2a27 aaaa d66k 5188 de99 261r 74g8 4381 b9ba d2db,
498680,4,479984,485851,2018-02-05 19:36:59,d9dm 5772 a72f 4991 d3k3 88ff 5d76 66pg de82 3849 d8bd dgpd,
498681,5,200402,458348,2018-02-05 19:39:15,dcdd 6258 2aa2 fabc 1181 3447 d95d 1gb6 8g78 7126 9afg dedd,
498682,1,476061,472676,2018-02-05 19:39:25,9dcd 5768 67ff c4cg 631d f124 d577 86g6 e8d2 3844 8888 g222,
498683,3,486235,495177,2018-02-05 19:39:38,9ccd 2222 7664 9cbc 8631 d7bd f5dc 82g1 2god 6318 8b8b gee2,
498684,3,450660,483594,2018-02-05 19:41:26,cc9c 2627 ffa2 fbf1 d8dd dd24 9cd9 1225 3276 888i adbb gbge,
498685,2,487135,457497,2018-02-05 19:41:26,a99c 7252 27fa c9gg 3dd1 8452 ed95 65g1 g28e 8699 gg88 22ed,
498686,2,465960,492990,2018-02-05 19:42:25,9c99 7725 77af fcc1 8183 8f24 cdd9 88bb gdd8 a798 4684 11d2,
498687,12,498622,495553,2018-02-05 19:42:25,ada9 6772 a244 gbf4 66dd 7177 d9cn 11j5 88e7 4736 gbfd deoe,
498688,7,496137,495287,2018-02-05 19:43:18,99dd 5682 afa4 ca9a 6d18 2772 66ef 585g 266d 96i3 bgnb 2bdg,
498689,1,497513,495401,2018-02-05 19:43:51,dad9 6556 6a44 a4ga 6166 b42d 65ed 651g 5g8e 8a14 468b 1114,
498690,2,449331,152628,2018-02-05 19:44:11,ac99 6765 4afa f4af dd48 1745 df7c 57b5 8483 8447 aagg 2age,
498691,14,494547,498122,2018-02-05 19:44:24,adda 8885 2afa 1ffg 841d 4142 ec9d b2bb 6g74 9999 a8dd g22g,
498692,6,393655,432771,2018-02-05 19:45:28,adad 5556 af77 1ag9 d4i6 5581 d7bf 257f 7343 3828 adba ggde,
498693,7,498601,487450,2018-02-05 19:46:40,9aca 2585 2427 aga1 861k 2f22 9f9e b8bp 72d2 1961 668b g2d2,
498694,3,482578,490022,2018-02-05 19:48:00,d9aa 6287 f6ff 1ac1 63d3 db2f 597j 866g 8d2d 1341 b488 1222,
498695,2,497844,469654,2018-02-05 19:50:01,d9aa 7825 f274 199m 3646 17d4 edfd b426 g738 9644 ccbb cefg,
498696,1,494151,491757,2018-02-05 19:50:12,ada9 7626 f42f 41af 36dd ffdd 76e7 6156 gege a933 68d8 g11e,
498697,2,489270,479845,2018-02-05 19:50:30,c9da 8827 aa2f g4cc 6866 42ff c6e9 52jk g32e 3799 4d4b gb22,
498698,8,464722,463409,2018-02-05 19:50:49,cadc 7777 a2a4 11pa 8116 5381 eec9 256j 4664 6888 aasb agac,
498700,2,495642,462562,2018-02-05 19:51:22,cc9d 2582 7a2a c4gc 7666 44db c77e 881b 58e8 a687 g4aa ggee,
498701,13,246650,474208,2018-02-05 19:52:13,ddc9 2k88 f72f fc1f d684 f5ff 967o 7115 88d8 8132 8bap bgco,
498702,2,497844,469654,2018-02-05 19:53:10,9aac 6785 f742 19fs 8311 7d84 dfd9 242b g68e 3461 9gcn c2dg,
498703,10,484347,491141,2018-02-05 19:54:03,cdda 8652 2f74 aaf1 d686 871h cd7m 64rr 684o 2482 gca6 dgfe,
498704,3,330295,459868,2018-02-05 19:56:50,99cd 7866 4aaf fffb d8dd 7575 cc7n 5766 6677 4132 gadb gdeg,
498705,3,471527,486235,2018-02-05 19:58:24,9c9c 2655 2472 1fab d361 4824 ce79 86jg g227 6434 b88b ecee,
498706,14,497228,495506,2018-02-05 19:59:41,ca99 86j7 f444 faap 46dd 7717 7eee 6162 de8o 23k2 fngn e2bp,
498707,6,466471,437693,2018-02-05 20:02:29,dd9c 556j a7aa b4f4 d81i 5222 ede7 5752 7487 834k gbdn gagp,
498708,2,494356,495198,2018-02-05 20:03:34,aacd 6576 47fa c9af 71dd 14bd ee57 181g 26e2 aa78 9b88 441e,
498709,6,497631,474102,2018-02-05 20:03:48,dd9d 2862 2f2f gafc ddd8 5845 e59e 6555 43r4 13k3 bag8 eceo,
498710,6,491392,487428,2018-02-05 20:05:45,999a 2862 7724 a9fb 6681 1fd4 c79m 8586 67e8 9819 6n8d bde2,
498712,14,498590,498482,2018-02-05 20:06:49,9ada 2657 a226 f4cn d383 db45 559j bg7p e272 8324 aagg 2ge2,
498713,7,497650,498574,2018-02-05 20:07:31,cac9 7575 fa42 4cgp 3di4 2f43 e999 15pp d87d 9614 8ag8 gbg2,
498714,5,498199,477516,2018-02-05 20:10:06,dd9d 6885 a624 cfb4 1ddd 4543 66ej 2787 53g3 4218 8d8b ggee,
498715,19,49704,484735,2018-02-05 20:11:01,9c99 6857 a724 fgfg 6117 8558 99df bb17 8375 7499 98ag dccg,
498716,3,496389,495041,2018-02-05 20:11:21,acam 5768 26f7 1fa1 d6id 2bbd 9eeo 6g5g gdde 7949 644f c12g,
498717,2,496114,493946,2018-02-05 20:15:37,dadd 2825 f7af 1g4f 1636 b4d4 5676 5651 8ge2 9133 db88 112e,
498718,3,330113,458909,2018-02-05 20:17:16,aacc 6268 227a 4g44 13dd 7582 eced 4517 544k 678q dfgb aeea,
498719,1,490871,491880,2018-02-05 20:17:21,adc9 6286 64f4 gfcf 7d1d dbdf beed 5g55 gg8d aa44 4448 1111,
498720,2,455816,261412,2018-02-05 20:17:51,cac9 2558 27a7 91af 381d 7771 a7fc 2655 8344 7688 bggb eg22,
498721,7,478018,482593,2018-02-05 20:18:28,dacc 5576 24af g44b 468d 8887 7f77 5bj4 8777 7682 afbd eddo,
498722,6,482936,497650,2018-02-05 20:20:17,ad9c 5765 4a42 92cg 83di 884h 59e9 16p5 dk7d 1384 b88b g22g,
498723,8,498688,492810,2018-02-05 20:21:03,9dcd 5668 a244 a9a1 6688 17f2 67fe 11p6 6266 4633 gfgd dggb,
498725,10,498676,483224,2018-02-05 20:21:41,da9c 577j 4f42 4fgp 134d 4545 do9o 746r 7465 4834 g88d a2pe,
498726,3,495177,486235,2018-02-05 20:22:21,9cac 2227 7664 1f9a 6d11 f114 ecd9 86g1 g28d 4484 98b8 eeg2,
498727,14,498474,483985,2018-02-05 20:22:21,99cc 6686 2ff7 1baf 1664 137h 9afj k6jr 8d67 6213 bgf8 2bda,
498728,11,492948,495234,2018-02-05 20:26:33,99ca 56j8 7af4 99aa 6d8d 1482 9dme 1282 28e6 432i 8gnn eggg,
498729,5,373975,498131,2018-02-05 20:27:10,dcmc 772k f242 aabf 4444 8872 e7ed 111p 5484 6113 cadg cdcf,
498730,5,492843,472760,2018-02-05 20:27:10,d99c 6757 722f 1ab1 d681 d1kd dfeb 1164 38k4 6626 d9bg fdbg,
498731,17,430083,411852,2018-02-05 20:28:10,caaa j766 427f gbbm 6611 7825 9fb7 2271 6887 788k g9da eddo,
498732,9,494751,496574,2018-02-05 20:28:10,9aac 778k 6f24 g44c d881 d523 acd9 4bjr 22ee 1876 ddbn ed22,
498733,7,460510,350105,2018-02-05 20:28:44,cadc 8777 2a77 444f 6d44 8855 b97e b422 5684 7228 gfbb gcef,
498734,10,494668,494540,2018-02-05 20:31:15,cdad 66jj 7a72 1afa 8141 8b2k c6em 21r1 7go4 3646 8nnn gdaa,
498735,20,497998,346644,2018-02-05 20:32:28,cddc 8556 77fa 1a9b 1141 8333 d9ea 5227 k378 8864 a9gd cfod,
498736,3,486386,448120,2018-02-05 20:32:46,acd9 7285 7aa7 bb1a d386 4174 d67b gb17 768j 9641 998b edeg,
498737,4,481471,497753,2018-02-05 20:35:27,ada9 5258 7faa c2cc 31d8 424h 55d5 6b1g dde2 3886 6866 egg2,
498738,9,415061,449543,2018-02-05 20:35:45,ad99 8657 2222 4fa9 6i44 7777 adce 1b51 677k 8677 ddaa edgf,
498740,3,482467,497347,2018-02-05 20:37:21,ddc9 5278 62ff 29ap 116d 442b 55e7 611g 26ge 1981 6468 eg24,
498741,6,494173,482936,2018-02-05 20:37:28,cdc9 787k 4a2f 99ag 816i 824h de99 2567 872r 6164 fad8 gg2g,
498742,4,493428,476262,2018-02-05 20:37:28,ccd9 5665 f4aa 494a d164 d5d2 dc75 8g55 638g 7848 6d8d d22d,
498743,12,494810,498056,2018-02-05 20:39:13,cd99 7685 7a7a 41bp 614d 55kk e77e b746 58ki 7489 bdfd aaaa,
498744,13,498617,480114,2018-02-05 20:39:55,9cdd 2262 777a 9ah2 8681 1b7f 965d f6p1 ge63 7999 b6bb 2dae,
498745,15,496316,496734,2018-02-05 20:40:18,cc9d 8522 4a4f 9bbb 444d 7q7q 7f79 71ff 5836 6862 dgbb ft2e,
498746,2,495143,496790,2018-02-05 20:41:40,9a9d 7267 f4a4 2gcg 6313 4ddf 999d bg5k 6ee2 7886 da68 11e2,
498747,15,496634,467640,2018-02-05 20:42:26,9ddc 5287 a44f 1444 6388 4d32 95bb 4bjp 37de 446h bg8d dg2d,
498748,2,494551,494946,2018-02-05 20:42:58,ddc9 2655 f744 c911 6d66 d1bd ccde 8bb6 g2ge a799 694b 2114,
498749,6,498525,497331,2018-02-05 20:43:49,dacc 827k 27f7 1c1p 118d 224f de9b 71k6 867k 8122 9db4 gdb2,
498750,7,344345,485738,2018-02-05 20:43:49,ad9d 8668 a7a7 fga1 6411 5388 addd 2814 6848 83k3 affc fdae,
498751,5,127156,498541,2018-02-05 20:45:36,99da 5857 224a 9a99 6641 7533 c797 7g41 8787 3334 gggg 12ae,
498752,8,487606,495719,2018-02-05 20:46:17,9cc9 7756 aff4 4gp4 4661 2877 fd77 b5j5 4777 7678 bggd degg,
498754,24,220287,493239,2018-02-05 20:52:07,cdcc 6878 aa24 ga9f 1611 7375 b9fb 4746 76kk 4887 afgd aadf,
498755,5,498650,486372,2018-02-05 20:52:39,acda 2772 aaf4 g9cc 64ii 4d4d e69c g687 6882 7644 b4a8 2e2g,
498756,2,483803,496550,2018-02-05 20:53:21,dddd 6865 4f7a c1fg 1683 7f85 e669 6g5h 322e 4449 944b 2gg2,
498757,18,17713,364579,2018-02-05 20:54:16,d9c9 687j 4a77 ffmf 6111 7175 eee7 2544 8468 3866 b9ba ddfd,
498758,10,498654,458589,2018-02-05 20:55:50,c9ca 7787 7774 ga9c 611d 8577 d799 b2h6 8787 842i 9bbc cffd,
498759,1,498656,498699,2018-02-05 20:55:50,9acc 7627 2f22 441c d666 1dbf 6659 1ggj d86e 1981 6d6b g114,
498760,4,498658,496415,2018-02-05 20:56:49,aca9 2775 77aa cgf4 6d61 2121 ece7 826j 48ed 7813 ddcb eedd,
498761,1,409469,460379,2018-02-05 21:01:29,a99d 6777 6f24 9bga 6888 278d b7bo bb2g 5gg2 7181 8ba8 eeeg,
498762,6,490231,484721,2018-02-05 21:02:18,99ca 2678 42af ac1g dd66 4485 e795 b86j 386e 2634 gg69 ead2,
498764,2,497503,456587,2018-02-05 21:06:42,a99c 2875 2277 ac1c 811d 2527 e9fd b627 3632 8731 bbbd eege,
498765,1,497632,497794,2018-02-05 21:07:22,cc9d 7268 6767 c2af 7d6d 8bbb 5bb9 8gg6 dg62 114c d888 2424,
498766,10,498732,492637,2018-02-05 21:07:45,dacc 7676 6a22 419g 8d66 8273 acmc 241r 4828 2876 nabn g2c2,
498767,13,498419,490658,2018-02-05 21:08:31,dacd 5676 44a4 g19a 1d1d 2288 emee rrgr 3eoo 3687 gdan gggg,
498768,3,497323,496619,2018-02-05 21:10:04,daaa 578j f42a a9ac 136i b474 ed7e 566g dee8 7781 4484 2211,
498769,6,497796,497458,2018-02-05 21:10:04,c999 7852 a2a4 4a94 861d 8d21 9b9m 11rr 466e 988i bdfg g22e,
498770,15,498549,496751,2018-02-05 21:11:09,9d9a 2886 a424 a1a4 7d6d 57kk m79m 65gr egoe 41h2 dgn4 fp2g,
498771,13,487828,406363,2018-02-05 21:11:19,9acd 7857 7a44 g9a9 6616 8583 b9be 7bjh 84i6 7236 99aa afbb,
498772,2,489406,488380,2018-02-05 21:11:19,dcd9 7822 6744 1ccc 36d3 d28f 996d 568g d22o 4981 8888 e2g2,
498773,3,498759,3405,2018-02-05 21:11:19,9aaa 6728 2f42 f1ga 6d66 5155 65e9 1ggj 5867 9171 d66b c1go,
498774,1,491643,491732,2018-02-05 21:13:14,d9cc 2578 624a cfgf 7311 8b24 999e 88bj 8eg8 a788 668b g1e2,
498775,7,497413,497752,2018-02-05 21:13:23,9ddc 8778 4f7a 1fgf 8361 dbd8 69e6 6516 d23o 4147 68b8 gg42,
498776,6,492254,496995,2018-02-05 21:15:09,9c99 7822 a24f 4agp 13dd 2dd4 de7e 88br 67e2 79i4 9b9n 2eep,
498777,3,496583,489962,2018-02-05 21:15:22,cc99 6626 af4f cgc4 637d 241b e567 gb1b 62dg 9a39 44dd 2eh2,
498778,10,441419,75220,2018-02-05 21:15:37,cc9d 6688 7242 bb9g 6841 8537 c9dd 2112 663k 2424 dgg9 edoc,
498779,2,472059,487963,2018-02-05 21:15:37,daa9 8552 6fa4 2acc 3d31 8f4f bc77 gbfg de23 9999 8488 bed2,
498780,12,497854,496162,2018-02-05 21:15:52,dccc 6588 6aaf pf4b 8161 4111 5ebe 7517 868o 1212 pagn edge,
498781,2,498761,498724,2018-02-05 21:15:52,a99d 7226 6fa2 1bga 3838 17ff 7b7o bb2g 5g22 4841 b88a 14e2,
498782,6,498737,498525,2018-02-05 21:16:17,adam 2575 f7aa cc1c 133d 4f47 d5b9 681g 7d2k 8286 86a6 bggg,
498783,3,485445,481803,2018-02-05 21:16:17,da9c 8865 27ff 9a4b 8868 12h2 ffof 7b55 8668 8287 addb eg2d,
498784,6,483617,372315,2018-02-05 21:17:49,add9 2826 6474 f949 1866 5712 c7da 61b7 84ej 6467 f9bb fgg2,
498785,3,483570,465524,2018-02-05 21:17:49,dc9m 8662 f24f 1c1g 6813 122k 5755 bg75 gg87 3811 8d8b 22ge,
498786,7,497593,497725,2018-02-05 21:18:32,a9cc 7686 7f4a accg 7781 1d8b e769 g275 d872 2739 9dgb eg41,
498787,16,498223,491110,2018-02-05 21:18:32,d9dd 6582 aaff 49fc d417 121k m9dm gr6g d67g 429i 4n4g dfac,
498788,3,486235,479499,2018-02-05 21:20:02,9aac 228j a442 4gcf 81d1 2714 e979 81jg 22g2 6134 98b8 2ee2,
498789,4,498773,1271,2018-02-05 21:20:08,accc 6728 7427 1agg 6611 7155 6c7d 177g 5577 8171 d6gb cego,
498790,1,424229,46007,2018-02-05 21:21:56,9dcd 2875 a4aa abgb 6641 585k c9ef 7255 5877 3673 gdda bfdo,
498791,14,498388,496404,2018-02-05 21:23:02,dd9m 668j 7aff 4bfc 6618 475k 5mbm 155r 248o 8221 pdd8 egee,
498793,4,497776,496124,2018-02-05 21:24:39,9aca 7568 6772 12ac 178i db4b 5e6b b16g ee88 3891 4d44 2112,
498794,1,498711,498467,2018-02-05 21:24:44,addc 7877 72a4 4gcc 631d 8dff c6c9 8118 2edo 94c1 998d b441,
498795,1,492334,491961,2018-02-05 21:25:33,9aad 8225 7fa7 14af 7636 fdb4 b5dd 8gg1 g226 7933 8968 1111,
498796,1,494326,497513,2018-02-05 21:25:51,aaaa 5756 6f27 91f1 7311 db1d 6569 611g 5g82 8a31 84bd bg42,
498797,2,496318,494900,2018-02-05 21:25:51,dd9a 7665 4f44 11fc 76d6 bfd4 559d 6855 28eo aa49 4688 21g1,
498798,5,497529,497443,2018-02-05 21:29:58,addd 785j 2a24 9bf4 8d1d 7584 7d7e 2556 d64r 27k3 ga8f ggco,
498799,3,463702,495177,2018-02-05 21:31:04,9ccd 5826 77af 9cfb 8686 2152 a5ad 2221 242d 8373 8b8b e12g,
498800,3,495576,466719,2018-02-05 21:31:04,c9ad 8677 2f72 b4fg d8dd d5b5 f7f9 27g6 778j 7326 bbb8 dgde,
498801,6,498730,498593,2018-02-05 21:31:33,d9a9 6756 742f 1ab1 3d11 d1kb deee 8654 dek4 6623 469f f2g1,
498802,4,493405,450742,2018-02-05 21:31:42,c9a9 2285 f747 1aaa 1d68 d252 9ef9 1128 3286 3427 d9bb dege,
498803,14,496226,495963,2018-02-05 21:32:29,9mdd 6886 a74f ga4a 14d4 144k emmm r1rr 76e7 7382 gd8n bc2e,
498804,4,492818,480563,2018-02-05 21:35:00,dad9 2286 ff2f fffg 6633 d444 cdbc 8688 2eee 7711 99aa 222g,
498805,6,495680,491271,2018-02-05 21:35:00,aaca 8768 f772 9a4a 6866 4d24 cff6 2618 7d67 74i4 bggn cded,
498806,1,491241,452000,2018-02-05 21:35:10,dccd 272j f7af 2a1f 1383 dbd2 d6cd 8g1g gede 4113 9agg 112e,
498807,6,493684,488114,2018-02-05 21:36:04,dccc 6757 44a7 44b4 6166 d554 7ceo gf4r 37k8 9449 bbgn 2d2p,
498808,4,466025,269651,2018-02-05 21:37:55,acaa 7j82 a222 b1ag d18d 7718 cb7d b557 7743 4733 ggga aepb,
498809,3,480683,489178,2018-02-05 21:38:35,daca 555k 7272 444a d838 3182 dbdo 757h e583 123i bbg8 d2ee,
498810,3,498753,498529,2018-02-05 21:38:35,cdda 2257 f272 2c11 d618 1d4f 99d9 865g 67g2 443c 9dbb 21g4,
498812,1,494214,493924,2018-02-05 21:39:25,dadc 7582 2742 2cfc 3311 1d22 775d g5bg 222d a799 94d8 1122,
498813,4,496959,490751,2018-02-05 21:39:37,c999 2552 4647 1af9 6666 524b 7e9d 7gb4 7565 1494 dgcd bc22,
498814,1,465058,481427,2018-02-05 21:40:25,9a9c 2567 a7a7 41cf 6661 4fdd bd7d 6166 23ee 1413 6da8 d2gd,
498815,9,315009,332933,2018-02-05 21:41:35,a9dc 68j7 fa77 g9gp 6444 7577 7bde 2624 485k 4682 caca ccda,
498816,7,498776,497645,2018-02-05 21:41:51,c999 7682 a77a bapg 1384 2dd4 7emb 858r 64ee 9674 9d9n gdep,
498817,5,485917,494486,2018-02-05 21:41:55,aada 5878 7244 cfgc d88k f3b8 bee7 528g 44dd 9694 d48b 2ege,
498818,1,472786,475963,2018-02-05 21:42:03,c9d9 2225 64fa g9gg d8d8 d2df 65c7 f81g e8ed 1363 6888 222d,
498819,7,497543,466691,2018-02-05 21:44:58,cdda 6558 4fa7 faag d16d 1577 f7db 15b2 886d 493m a9bb 2efe,
498820,4,450742,493405,2018-02-05 21:46:13,ccc9 6586 7a77 19ff 1368 2d25 cfae bg1r 3677 7622 bbb8 dege,
498821,6,498798,498742,2018-02-05 21:49:18,cddd 66j5 a22a 994a d161 55d2 77de 85g5 6d8g 27k3 ad8d gd2d,
498822,5,473926,495758,2018-02-05 21:50:21,c9ac 2726 44f7 a4af 3111 4dd8 b76f 855r de7o 3946 bbb8 bd22,
498823,3,498673,493204,2018-02-05 21:50:21,c9d9 5277 2f27 4afg 4381 1512 dbd7 8826 d6oe 2634 8d8g ggg2,
498824,6,498755,492902,2018-02-05 21:50:45,ccd9 275j aaff g9cc 16i4 d444 e6e9 186k 68ee 7647 bd44 2gdg,
498825,4,497896,470267,2018-02-05 21:51:46,99ac 5777 aa27 2acc 6613 d244 c5c9 8bgg gddg c618 b666 e2ed,
498826,3,486646,497347,2018-02-05 21:52:39,a9ca 8278 4f7f 9acp 17d6 1dbf 6e67 88gg 2ege 89a8 9888 e224,
498827,5,483360,471693,2018-02-05 21:52:48,9ad9 8677 a7a2 accm 11d4 4544 7fon fgg5 3633 4747 gb8a bbed,
498828,3,407088,486932,2018-02-05 21:53:37,d9ac 6656 7aa2 afff 6dd8 1222 fefa 44bb 8375 7268 9dda cedg,
498830,11,452673,498694,2018-02-05 21:54:31,d9da 7565 ff7a aa91 63i6 bd25 fabj 86bg 6did 3141 948a d2e2,
498831,5,471732,491418,2018-02-05 21:54:31,9acd 8768 7a27 bfg4 8181 2244 e7f9 616f g42i 6132 9bb4 eggg,
498832,19,498037,495135,2018-02-05 21:54:39,a9d9 5767 44f2 91an 6361 48k2 5emm 6rrj ee7o 9297 6nab gefc,
498833,4,498471,495975,2018-02-05 21:55:15,9dcd 8877 a277 f9ac 66ii 444d 5cc6 bgg7 g2ee 9164 d848 cee2,
498834,5,498650,486372,2018-02-05 21:55:36,dcac 5272 afa7 ggac 64i3 4d2d e6n9 b567 6828 7624 ba88 a222,
498835,13,498687,496267,2018-02-05 21:56:41,c9a9 6682 a244 fbf4 1664 1577 dfde 11h5 8875 3763 gffd ddof,
498836,12,498241,478335,2018-02-05 21:57:19,9dcd 5778 ff4a gb4b d861 7735 f9fs 16j5 784i 6332 a9dd egdc,
498837,6,471200,470871,2018-02-05 21:59:00,dd99 5558 f424 411p 1d88 157h eban 5b2r 78de 222k abff 222a,
498838,6,498034,497838,2018-02-05 22:02:26,d9cd 2788 762f 9b1a 11d4 2474 bcbe 6g51 ge2j 2878 gbgn dgge,
498839,12,150883,425488,2018-02-05 22:03:17,c9dc 7867 a7a7 a9g1 6611 5835 d9c9 bb6j 5885 4374 dc9g cfne,
498840,3,335717,443852,2018-02-05 22:06:50,ccad 7668 f44f f4ba 888d 1217 77d9 2616 8444 7223 a9ag gggb,
498841,1,498062,498211,2018-02-05 22:07:17,dd9a 2865 4aa2 ccfa 36dd d4bb 6969 651g e8eg 1cc9 4848 g4g4,
498842,1,497019,498592,2018-02-05 22:07:52,9aaa 5526 a4a7 14fc 6161 d28b 6cd7 81gg 22g2 81cc d84b 4422,
498844,1,465856,458448,2018-02-05 22:10:58,cadd 7667 a22f f1gf d188 2772 dcce b771 838d 3311 a8b8 g2e2,
498845,3,480683,489178,2018-02-05 22:10:58,aacc 6575 f7f2 441a dd88 3187 bdbo 257h 7684 1838 9bg8 22de,
498846,6,488689,403842,2018-02-05 22:14:40,d9ad 6688 f2aa bgpb 4444 778k dcbc 47hb 4458 6848 dgdf cffa,
498847,2,410985,490962,2018-02-05 22:16:01,aaa9 7588 f722 149b 6644 51d2 95f9 b8bb g877 6694 cgbb cee2,
498848,2,482792,494807,2018-02-05 22:17:55,ca99 8665 7aa2 41fa 6d3d 8757 fe5b 6f77 3e46 4464 abbd 22go,
498849,6,490586,432637,2018-02-05 22:19:13,c9da 5726 7aa2 9a4p 847i 7525 9cda 7b7p 7584 348i 9a4b eago,
498850,4,490679,496415,2018-02-05 22:20:04,caac 6527 2a4a aaf4 661d 228f 6eb7 615g 334o 7a88 adb8 2e2d,
498852,4,462083,497901,2018-02-05 22:24:11,9dc9 8776 7a42 bg1f 831d 512h 99de b252 6722 4434 bbab dgg2,
498853,4,496849,496505,2018-02-05 22:25:21,ddaa 7852 fa64 faca 6636 dbd4 7c66 b86b 2e22 717c 6848 214h,
498854,7,244279,442488,2018-02-05 22:25:24,d9ca 68k6 a2f7 b414 dd41 8237 9c7f 562j 646k 3733 fad9 deag,
498855,7,498601,487450,2018-02-05 22:27:59,9cmc 5526 4f27 ga41 381d dff2 df95 b1b8 782d 1691 6648 2d2g,
498856,7,498250,497711,2018-02-05 22:28:22,9ada 2658 224f bb4a d3d7 8744 dfmb 6kbr 2e6e 2i3i badn pdde,
498857,6,497963,430067,2018-02-05 22:28:51,accc 5568 47a2 49fg 8d6i 5d15 dceb 662p g277 77c6 9bdg bgeg,
498858,5,431037,471972,2018-02-05 22:29:09,daac 858j aa77 4bab 43d1 7478 5ded 87r6 8836 4224 gcn8 bdag,
498859,12,495826,497713,2018-02-05 22:30:12,ca9c 2878 a62a 44f4 d668 7185 ee9e 5r6r e7e8 8846 bd8n ffpd,
498860,10,498310,456415,2018-02-05 22:31:16,dddm 5k66 4a27 1af4 6d18 5227 7fd9 5f45 7447 8246 dd9g catd,
498861,5,496399,490293,2018-02-05 22:32:53,9aa9 6786 7aa7 a1fc 11k3 1222 7c76 251g 68e4 8949 b944 dgdd,
498862,1,497794,409469,2018-02-05 22:33:06,cd99 777k 4faf 2cba d86d 78f2 b7f5 fb68 dg88 736c da4b 41eg,
498863,1,497632,454405,2018-02-05 22:33:15,c99a 6722 62f7 c1af 716d b88b 5bce bgb2 26d2 41c1 b88a 2b24,
498864,3,487544,440325,2018-02-05 22:35:42,d9cc 2578 74a7 4ccc 3146 4f41 7b59 g66b e47o 2646 68fa geee,
498865,6,491613,498232,2018-02-05 22:36:30,aac9 6685 f2a4 aa2a 431d d184 7e9o gggg 362d 449i 64b6 eggh,
498866,11,498403,331768,2018-02-05 22:36:30,cacd 8k77 afaa 99ag 614d 5332 7fab 646h 4778 3628 dffp eefa,
498867,3,410507,482467,2018-02-05 22:37:30,ddac 5757 4fa6 42ag 16d6 4224 55d5 5661 56de 3911 d6b9 gbg2,
498868,15,178688,473210,2018-02-05 22:38:33,9cmd 222j 7ff2 caff 61d4 7f48 bd59 6bg1 e8d7 4169 d8dc ee22,
498870,6,442371,445776,2018-02-05 22:40:04,aaac 8877 aaa4 a49b 6611 3778 aaec b25b 756r 3432 9bcc cegf,
498871,2,494345,492014,2018-02-05 22:41:37,dc99 6522 4f7a aggg 37d6 bb4d 95de b811 6gee 9449 94d8 1ege,
498872,2,405314,492976,2018-02-05 22:43:33,c9da 8575 f4a7 44aa 4811 7787 7c99 2556 8344 6678 bbba ecbd,
498873,9,16681,430463,2018-02-05 22:44:14,acca j878 4ff7 fap1 dd66 7777 fee7 5617 7767 6867 a99b cfed,
498874,1,479551,479415,2018-02-05 22:44:24,cddc 6222 2f22 4ccf 1d63 d4f4 cb9e g8bg de2e 4934 9d86 eg22,
498875,3,498764,498781,2018-02-05 22:44:24,a99c 7725 227a 1c1c 8883 15ff e9do 6b27 3562 7841 bbba 4e1e,
498876,5,498789,498656,2018-02-05 22:45:01,acc9 7287 f222 agc4 66d1 7d1f 976d 17gg 5587 1a81 666b 1e2g,
498877,6,477173,439378,2018-02-05 22:45:24,cddm 5282 2f44 f14m d868 d842 fee7 b625 8756 7742 agac 2ggg,
498878,2,494807,482792,2018-02-05 22:46:08,ccc9 685j 772a g4fb 88d6 857f afba f7b7 66g4 2346 adgg agop,
498879,6,115165,113978,2018-02-05 22:46:58,cama 856j a77f 1aaf 6164 k577 bcac 2164 8688 6322 afgd dead,
498880,16,498744,498747,2018-02-05 22:50:13,cddc 2282 744a 1444 8818 1b32 95bb 4b6p 7e3e 7999 b6bb dge2,
498881,8,498816,498856,2018-02-05 22:51:21,a999 2652 a42a bapa 1387 87d4 dfmb 865r 2e6e i34i ddna dgpo,
498882,15,498579,488984,2018-02-05 22:52:59,admd 8768 7aa2 9bbb 6866 52h7 dem7 7ff1 87k3 4444 acag dagc,
498884,3,495193,481224,2018-02-05 22:54:17,9ca9 5822 424a bc91 3d68 8548 7d97 58gb 7djk 4362 bgdb gdg2,
498885,88,463011,460552,2018-02-05 22:54:59,c9dc 6885 6fa2 44b4 68di 8878 fcod 5j51 3878 8186 adcb dgdd,
498886,5,497799,495573,2018-02-05 22:55:18,9dcc 586j 74ff abfb 78d6 553k d779 82g5 d78k 3164 d9ba eagg,
498887,7,498857,498043,2018-02-05 22:57:40,ac9d 2788 4722 m9gc dd6d 4d15 dbbe g265 ge77 78k8 9bgb ggeg,
498888,2,428633,465224,2018-02-05 22:59:15,daca 7767 fafa bcgf 6d14 174d b99c 856g 6e4d 4631 adgf e2ee,
498889,4,450742,493405,2018-02-05 22:59:26,a9ac 2688 f277 affa 1d36 2d25 cfbm 821k 3287 3722 bbbb dgee,
498890,8,419649,419838,2018-02-05 23:00:07,cdc9 6kj6 4a7a abaa d118 57k3 9cb7 6b65 6477 63k6 bdmg ggcp,
498891,5,314588,288844,2018-02-05 23:02:32,9acc 8876 7a24 ba1b 6d4d 5788 e9c9 515h 8868 3222 fd9a ddca,
498892,3,457085,450479,2018-02-05 23:02:32,9adc 8277 42ff 4aga 3d11 2811 d9bo 6b5h g782 6416 gcba gddd,
498893,2,488576,493575,2018-02-05 23:03:52,daad 7886 a44f 41gg 4d61 4474 d7ee 8417 g8ed 1399 6bb9 fb1e,
498894,18,489888,495290,2018-02-05 23:04:25,d9ac 7266 267a 911c 1616 1dd8 bc96 2b8g g26e 6694 a4b4 d22d,
498895,2,498107,498636,2018-02-05 23:04:49,cdaa 2885 44a2 ccca 386d 84bd 6999 g18b d3g7 1c29 b484 g44g,
498896,4,486659,494594,2018-02-05 23:05:35,dadd 2855 4272 cccc 866d df42 5ec9 gf1g e68d 9891 6868 g2g2,
498897,8,419679,330716,2018-02-05 23:06:05,cccd 6kj7 7a42 f44a d114 3322 cb7b 1216 4764 27k6 affg fado,
498899,12,481398,450268,2018-02-05 23:08:54,cd9d 2j5k afaa ff9a d134 1571 d99f 2252 38ii 7332 9ddd ecgb,
498900,12,395491,247905,2018-02-05 23:09:25,c99c 5555 4774 fggb d664 7355 dcc7 2777 687k 8433 ffga dfbo,
498901,11,484647,407593,2018-02-05 23:11:47,acdm 766j fa22 41f9 1881 5755 bcb9 217b 7848 8228 cdfn cced,
498902,6,335067,497631,2018-02-05 23:13:24,acad 8875 a4fa 9fac d186 8557 7799 5556 464k 823k gfdp eeoc,
498903,9,343766,116990,2018-02-05 23:14:34,c9ad 675j 447f gbgp 6461 5877 ebb7 7175 8664 886i faaa dfda,
498904,4,491360,493018,2018-02-05 23:15:12,c999 2552 74f2 9c1m dd1d 2d42 bbbb 6b5h d378 6436 g9bg dede,
498905,1,498062,498211,2018-02-05 23:15:35,dd9a 825j 4442 cc1a d61d 8d4b c69d g61g 8ede c749 b44b g44g,
498906,4,261306,498697,2018-02-05 23:16:08,cd9a 5877 aa4f 9bc1 d686 8485 a6ee 12jk g724 2722 g4gb cacd,
498907,8,406208,415649,2018-02-05 23:16:08,a9cc 5677 4a77 1f9b 446d 2258 cc9f 4b27 6867 3688 gbaf gdae,
498908,20,497777,494735,2018-02-05 23:17:51,ddad 5826 42a4 4aca d66d b127 decn 2j16 4287 4266 nfbn fggd,
498909,6,492002,496301,2018-02-05 23:19:28,9a99 6822 272f ccgf d181 4221 c77c bbgg 28e3 3644 fabb e22e,
498910,3,471527,487488,2018-02-05 23:19:33,99a9 8868 a442 ffab d661 8747 9fde 7141 7387 8363 dbda ccec,
498911,2,494356,495198,2018-02-05 23:20:47,acad 6567 4fa2 99ga 77dd 4bd4 6557 118g 266o a8a8 b888 24e2,
498912,17,466133,498439,2018-02-05 23:21:28,ccdd 586r f747 bgf9 d1dd 7575 de9d h57h 486k 2838 9gbg eaco,
498913,2,493783,498531,2018-02-05 23:21:45,acaa 2882 2674 4gcc 3388 84bf 76e9 1f68 8ge2 a193 8488 4geg,
498914,17,389502,497576,2018-02-05 23:22:35,acd9 6528 fff2 aa91 144i 7877 edf9 252h 4676 6327 6maa caan,
498915,2,479973,494879,2018-02-05 23:23:10,d9aa 5787 4444 ff1b 1d8d 13b2 cecb 4g51 gge2 7238 9db8 4gee,
498916,2,490116,456647,2018-02-05 23:23:10,aadc 282j 2af7 b94p 4316 3355 9c79 6255 7876 8778 ddda edaa,
498917,22,451362,320323,2018-02-05 23:23:21,9caa 7588 aff7 1b99 dd64 7523 bae7 7627 47k8 6k23 aa9d ddbo,
498919,2,482792,494807,2018-02-05 23:24:21,a999 6865 22af g1bb 6338 8551 aaf9 6f57 66eg 4262 bd9g 2dap,
498920,4,360349,361510,2018-02-05 23:26:09,dc9d 66j8 472f fffb d6d6 1522 9ee7 64b1 8747 7322 ggfd cadd,
498921,1,497019,498592,2018-02-05 23:26:09,a9aa 7587 76f7 94af 6136 bffb c6cd b8gg 2222 78c9 dbb8 gg44,
498922,15,498653,488494,2018-02-05 23:26:09,ccac 6226 af7a 91bm 3886 7422 999f 15hr d66d 3793 gggg 22bg,
498923,1,451177,463687,2018-02-05 23:26:20,cdca 6626 62f4 gcgf 6dd6 8854 ecfd 8b16 267e 3113 ddbm 22ge,
498924,12,498860,420066,2018-02-05 23:28:42,dddd 6kk6 4a24 1a4b 61dd 2557 7f9f 1f5h 747k 8484 agpg dffo,
498925,7,469940,467647,2018-02-05 23:31:19,dcaa 2572 4444 4bbb 114i 72q8 aaf9 bbbf 5388 2676 abbb 2cbe,
498926,6,497850,474102,2018-02-05 23:31:58,dd9c 7266 2f72 9ffa d38d 78dd 577j f865 dd3g 111k b86d g22o,
498927,3,482350,495067,2018-02-05 23:32:09,9aca 778j 4f27 f4cg 66dd 484b bcd7 1bg2 6g7i 6889 bb84 1d2h,
498928,8,487941,484936,2018-02-05 23:32:09,dcc9 8778 7774 cgfg 338d 8731 c76e 111p 73e7 8184 ab89 eggg,
498929,3,492705,486165,2018-02-05 23:32:09,d99c 678k f2f4 4f1c 3116 d81k cde9 87bh 222o 6942 a8ac cde2,
498930,9,407735,498890,2018-02-05 23:34:08,acc9 6kjj a4a7 baag 6681 7553 9c7o 255b 6447 632k adfm dcgp,
498931,9,488576,498907,2018-02-05 23:34:51,9cac 7576 aa7f 4fgp 4611 2758 7ccf b442 8887 2688 9ffa dago,
498932,10,420142,395511,2018-02-05 23:35:34,d99a 766j a4f2 affb 1818 5535 99de 2b7b 648k 7683 ddfa faea,
498933,10,498841,497987,2018-02-05 23:36:05,dacm 2868 7a24 c2fg 486d 4db1 697e 6466 e84g 1919 cd48 ga2d,
498934,4,370279,274729,2018-02-05 23:36:19,dcad 6586 a422 bbfg 6114 7335 beed 66bb 7487 868k gadf bacf,
498935,9,377138,498897,2018-02-05 23:36:19,9cd9 7657 4727 aa4a d114 5222 beoc 2551 7846 776k abfg aeeo,
498936,6,467159,462492,2018-02-05 23:36:19,9dcc 6868 faa7 a1ba 1161 7123 cffa 45b4 6777 2324 daab ggce,
498937,2,482792,494807,2018-02-05 23:37:57,ccad 5865 7f2a g4ab d636 7155 fe5b 5b25 3g4e 3446 abdg 22go,
498938,2,465357,452973,2018-02-05 23:38:33,d99c 2666 fff4 ggbg 1336 5422 c7d7 f5b2 832k 2732 gdgg gagd,
498940,14,498767,498810,2018-02-05 23:39:02,dcda 6276 47a2 2c11 d16d 221f 99de rrgr 3eoo 3687 ddbb 2ggg,
498941,12,485735,389615,2018-02-05 23:40:22,aaaa 87k7 f477 fba9 d434 5815 d99n 71rk j876 7461 9fbs ffgp,
498942,3,494156,495654,2018-02-05 23:40:22,d99c 5826 6f74 f4ga d68d d81b 6d9d 4b2j 55k2 3183 g8bd gdg2,
498943,4,450742,493405,2018-02-05 23:40:26,a9ac 2586 77a7 afff 1666 2242 ceb9 821k 6678 3622 bbb8 de2e,
498944,18,495807,496184,2018-02-05 23:40:45,9dmc 8785 f7a2 b94b 4d1d 5552 f799 7467 664k 2646 gffg tdag,
498945,5,497868,477805,2018-02-05 23:43:52,daac 8252 7222 c4c4 8366 247d beb7 85g1 e54o 8191 b8bc eged,
498946,21,19875,168412,2018-02-05 23:45:13,9caa 5877 7f42 gfma 1414 7575 f9do h444 k788 6367 fgga fefe,
498947,3,480151,467027,2018-02-05 23:45:30,d9d9 8222 f7af 4gc4 8466 8825 7d9m 5227 58e2 4814 b88g a2gp,
498948,8,463709,498855,2018-02-05 23:47:03,9ccm 5556 f427 g9ab 488d 2f2h d959 bb18 8248 169h f648 gg2g,
498949,10,498654,480114,2018-02-05 23:48:34,c9ma 2727 7224 94h9 6188 2874 6999 266p 75e8 8946 cbnb efde,
498950,5,480384,495709,2018-02-05 23:48:42,9c9d 2868 2a42 aafg 3333 87f8 eebb 5785 7375 42i4 gada 22e2,
498951,1,424229,436920,2018-02-05 23:49:54,99dc 2862 fa7f 94bb 6dd6 8858 cf79 625b 387k 7368 bada bgge,
498952,4,498929,496928,2018-02-05 23:50:17,aama 68kk f224 9fgc 4164 881k cd9e 87hb 27o2 1829 aaac de2e,
498953,4,453350,449894,2018-02-05 23:50:17,addd 5685 a44a 444g 6311 75h7 ebd7 b551 6836 724q ddg9 ggdd,
498954,1,396978,396547,2018-02-05 23:51:27,ada9 677j aa2f 44ff 8ddd 2253 9bf7 2512 386k 8683 abgg gddd,
498956,9,163727,458858,2018-02-05 23:54:27,cdda 8858 2a7f gagp 1666 5477 9559 2b56 gg82 7838 fgab ec2a,
498957,8,424825,425824,2018-02-05 23:55:54,acdm 6rkj 4aa2 44aa 1168 2772 ff9e 7457 6874 2867 bfgp effd,
498958,6,498876,395269,2018-02-05 23:56:20,cc9c 2787 2277 agaa 8441 7d5f 97fd 1756 5577 1a42 666b 1egg,
498959,6,482205,442371,2018-02-05 23:57:25,daca 8782 2f47 a1c9 1631 7247 adaj 4216 87er 3482 bbbc abef,
498960,11,494548,493637,2018-02-05 23:57:32,caam 82j8 2a22 4a44 8616 777k eeem r16r 578e 8121 6b6n bfgd,
498961,11,112304,242688,2018-02-05 23:57:49,dcad 8k86 a47a aafp 4661 5887 7ee7 275b 7746 836i fgdf defo,
498962,15,498712,498675,2018-02-05 23:58:45,9aa9 2775 2af2 1ffc d381 db54 559j b577 8274 822i 9gba 2ge2,
498963,17,496651,486937,2018-02-06 00:00:26,dcdd 7672 77a4 9bbf d86i 2441 ebsm fgrp 88gd 6746 9ddp egab,
498964,1,495902,493362,2018-02-06 00:02:06,cccd 7286 4fa4 fcca 7611 bfd2 6e5d f666 e38o a311 494b 44e2,
498965,11,496641,497922,2018-02-06 00:02:11,ca9d 5772 faf7 a1b4 d3dd 57kf bm5m g6rr eeeo 7846 d8nn g22c,
498966,1,497918,439274,2018-02-06 00:02:46,aadd 6257 aaa4 a44c 8168 4dd2 c7c9 887b dgg6 6667 ba48 24d4,
498967,6,498730,498593,2018-02-06 00:03:42,dc9c 7757 72f2 9a4a 6d81 71kb 5fbe 165g dee8 6236 64gf 11bg,
498968,4,498773,465068,2018-02-06 00:03:54,daaa 7688 7f24 1gag 183d 1555 5e59 1ggg 3g2d 9171 dd6b cggo,
498969,1,443305,1325,2018-02-06 00:04:55,cd99 7825 44f4 gfff 61d6 2444 cdde 2b24 6877 6233 g9fg feec,
498970,4,489233,470241,2018-02-06 00:06:38,9dd9 5278 2272 gp44 3681 514i cd9m 277k d362 7448 8a88 ee2d,
498971,15,395167,395516,2018-02-06 00:06:56,9cca 866k a4a7 faam 6111 578k 7e77 41b7 8k86 6338 gdga ddff,
498972,7,493387,497360,2018-02-06 00:06:56,acd9 8562 4fa2 9bf4 16d4 d1k8 a7mf 65gr 6e4o 923i g9gg egeg,
498973,14,421264,451282,2018-02-06 00:07:57,c9cm 68k6 772f 4bbg 1111 3577 bbf9 1727 6886 848k gg9g fead,
498974,1,497918,439274,2018-02-06 00:08:26,adcc 2657 247f c4cc dd18 4ddd c7c9 8b7k gd3e 7669 aaab 2414,
498975,2,425900,470962,2018-02-06 00:09:43,9dc9 2278 aa7a c4ff 333d 1252 ddce 2767 7777 7116 a9gb df22,
498976,3,463005,454754,2018-02-06 00:11:09,dcdm 5572 2a74 bgb4 6d44 3515 aeef 1b52 7677 6346 agfg bdeo,
498977,2,494807,482792,2018-02-06 00:11:09,c99d 866j 77aa g14b d886 8715 aa5b 6575 6e84 3426 abgg ggpo,
498978,3,486784,482946,2018-02-06 00:11:40,acda 2787 24a4 fa19 8378 2178 e6bf 26gf 636d 649i 98bb dg2d,
498979,6,498755,492902,2018-02-06 00:12:33,acd9 6752 aaf4 4fgc 146i 4d44 e66n 6186 d86e 9947 4a84 g2dg,
498980,9,174606,415760,2018-02-06 00:13:00,aada 6558 f477 bbgp 4141 8537 f7d7 b464 7867 8626 d9g9 dfda,
498981,25,493363,480448,2018-02-06 00:13:31,9ccd 5752 74a4 f1a1 48dd ff24 7doc 1rg4 666d 8881 gass cg2e,
498982,2,490719,478905,2018-02-06 00:15:24,dccd 2776 2477 9ggc 33d6 ddd2 5ce5 5b17 de22 1774 9988 1222,
498983,1,498230,494442,2018-02-06 00:15:24,dad9 8622 6f2f f91f 36d6 2ddf d557 b16j gged 7a8c 848b 1442,
498984,2,467062,452929,2018-02-06 00:15:36,9ccc 727k a44a gaf1 d3d8 1522 ed77 1bb5 766k 62i3 dgbg gg2g,
498985,1,497446,497623,2018-02-06 00:15:36,99ad 7676 ff77 2agc 7d31 ddd4 6ee7 gg61 ed2e a978 6648 1112,
498986,3,498964,496761,2018-02-06 00:15:56,ccca 7228 4fa4 cc41 7d11 bf8d e5cb 61fb ed8o a911 g94b 14e1,
498987,1,463455,441681,2018-02-06 00:16:00,acd9 562k a747 f14f dd36 45d4 b5c7 71b1 8262 4762 gag8 22g2,
498988,1,470781,469167,2018-02-06 00:16:20,acdc 5275 f2a7 91cc 63d1 4444 79cd ggg1 56de 9789 b8d8 eb22,
498989,18,494381,495154,2018-02-06 00:16:32,cdad 2k8k f422 a1bf 3861 2q17 6fn7 b4ff 87eo 4743 aadg dbge,
498990,5,498953,493099,2018-02-06 00:16:32,acam 5227 a44f 449g 1111 71hb ec77 5f55 8636 1644 dd9g eggg,
498991,11,430463,493794,2018-02-06 00:16:53,d9ca 875k 747a fmff dddk 271h 9e9d 15j7 6784 3676 abbb gggf,
498992,1,471039,2342,2018-02-06 00:17:22,aa9c 5555 2747 9ffc 4d11 4757 eb7o 114g d6ee 7971 6dfg bcfc,
498993,2,498974,489805,2018-02-06 00:19:14,cdca 2627 f26f 14ac 631d bddd ce9c 81gk d3go 7a14 a8ab 2422,
498994,2,487227,410985,2018-02-06 00:19:23,aa9a 5572 a472 24ab 734d bb8f 9ea7 1bb5 8d67 7244 abb4 b2ee,
498995,10,319557,301551,2018-02-06 00:20:25,dcca 5687 aaaa 4gg9 dd44 5535 c7bb b421 7784 2273 fffa cfao,
498996,9,420029,413772,2018-02-06 00:20:25,c9dm 7666 7a47 41f4 6d11 5325 de77 666j 748k 6332 99gp ggeg,
498997,2,497983,497874,2018-02-06 00:20:42,9d9c 5262 27ff 1afa 8436 812d b5b7 6651 6762 7138 agg8 g2dd,
498998,4,498471,495975,2018-02-06 00:21:10,c9cd 2877 f7a4 a99c 663i 24d4 9c96 b678 e68o 9932 d888 cg12,
498999,15,485531,498662,2018-02-06 00:21:40,adad 7867 ff44 4aa1 31dd 8777 a99d 25b5 2437 4392 f88g gdde,
