id,gen,matron_id,sire_id,birthdate,genes,name
1000,0,,,2017-11-23 09:18:57,9aaa 8868 f4a7 9agf 6144 7777 7e79 72b7 8667 6334 faff ccee,
1001,0,,,2017-11-23 09:18:57,aaaa 7885 22f2 agff 1661 7755 e979 2441 6667 7664 a9aa cfff,
1002,0,,,2017-11-23 09:18:57,a9aa 5676 aa4a gafg 4441 5757 9c7d b714 8778 8364 g9gf fedd,
1004,0,,,2017-11-23 09:19:32,c9a9 6577 7477 f9fa 6614 5777 d7cd 1117 5777 6744 a9ga dfdc,
1005,0,,,2017-11-23 09:19:32,ccc9 7656 42aa 9gfg 6166 5775 f7f7 41b4 7678 8843 9gaf ddfe,
1006,0,,,2017-11-23 09:19:32,99aa 7888 2a44 g9ag 1141 7577 d7d7 2b77 8787 6674 f9af fffe,
1007,0,,,2017-11-23 09:20:42,a99c 5758 27f7 affa 1666 7775 799f 7747 5667 4334 9aga fecd,
1008,0,,,2017-11-23 09:20:44,ac9a 5576 faa4 f9aa 4646 5555 ded7 b224 7878 4784 9aga cfef,
1010,0,,,2017-11-23 09:20:44,acca 6888 7272 9fff 4161 7757 ed99 7742 8767 3743 9ggg fddc,
1011,0,,,2017-11-23 09:20:44,acac 7567 4f22 gffa 1144 7557 97ed 177b 5877 4634 a9fg edcd,
1012,0,,,2017-11-23 09:20:44,a9c9 6777 f227 gfag 6664 7555 79ed 7741 8688 8836 faaa cccf,
1013,0,,,2017-11-23 09:20:44,caa9 7868 7222 gfaf 1141 5755 7cfd 72b7 8687 3643 a9af ecfe,
1014,0,,,2017-11-23 09:20:56,9aac 5756 2ff7 g9ga 6144 5557 d9fe b124 7688 4448 9gga deee,
1015,0,,,2017-11-23 09:21:05,cccc 6785 7a22 gfga 4641 7555 7ec7 7bb1 5868 6763 gaga fced,
1016,0,,,2017-11-23 09:21:21,ac99 5557 2447 ggfg 1166 7757 9dfd 2442 8688 4886 agfg fdde,
1017,0,,,2017-11-23 09:21:38,ac9c 8777 aa77 9aaf 1441 7557 99f7 24b2 6868 3336 ggfa efdd,
1018,0,,,2017-11-23 09:21:38,99cc 8685 77f2 faff 1441 7557 dee9 4b21 6668 6334 afaa cccf,
1019,0,,,2017-11-23 09:22:26,cac9 6856 744a aaff 1466 7777 7e97 bbb7 8677 3633 9gfa fedd,
1020,0,,,2017-11-23 09:22:26,c9cc 6568 7722 fgff 1641 5577 fdfe 71b2 5788 3364 f9ff cffd,
1022,0,,,2017-11-23 09:22:35,ca9a 6785 4afa fffa 6144 7577 eccf 4414 6868 4364 a9ff dcfe,
1023,0,,,2017-11-23 09:22:35,c999 6885 fa7f fgag 4414 5775 7d7f 42b4 6688 3838 g9ff fcec,
1024,0,,,2017-11-23 09:22:35,caa9 6657 7ff4 ggff 1441 7577 ede7 72b4 7678 7838 gaag fcdd,
1025,0,,,2017-11-23 09:22:55,a99c 5555 777f fagg 4441 7577 ffe7 4177 7678 8884 ffaf dfcc,
1026,0,,,2017-11-23 09:22:55,99ca 7687 4f2f g9aa 1444 7775 ff7d bb17 7778 6476 aafa eefe,
1027,0,,,2017-11-23 09:23:05,c9cc 5785 fa7a 9aaa 6414 7757 ee9d 771b 5868 3838 aggf fcdd,
1028,0,,,2017-11-23 09:23:43,99ac 5787 4faa 9gaf 6666 5577 ef99 4772 6887 8483 agga cddd,
1029,0,,,2017-11-23 09:23:43,9aac 7866 477a a9gf 1114 5575 9d77 4b12 7677 6778 g9ff ecdd,
1030,0,,,2017-11-23 09:23:43,9aac 6588 2aff g9gg 6461 7757 cc97 1b11 5777 4433 agaa ffdd,
1031,0,,,2017-11-23 09:23:43,a9c9 8867 24f4 f9ag 6144 7575 ccc7 77b4 6678 8436 f9gf eded,
1032,0,,,2017-11-23 09:25:47,99aa 7576 7472 g9af 6416 7577 7efd b1bb 8777 6784 afga eecd,
1034,0,,,2017-11-23 09:25:47,ccc9 5857 77a7 aaag 4111 7777 cd7d 414b 7867 8764 99ga ecee,
1035,0,,,2017-11-23 09:25:47,a99a 7578 a7f7 agaf 4111 7777 9e9e 71b1 6668 3878 gfgf efec,
1036,0,,,2017-11-23 09:25:47,ca9a 8668 4ff4 aaff 1641 5777 f9e9 b421 7667 6366 gfag ceed,
1037,0,,,2017-11-23 09:25:47,caca 7766 7724 f9ff 1446 7555 c797 b71b 5768 7684 gfag dcdc,
1039,0,,,2017-11-23 09:26:07,9acc 6577 4ff7 gggf 4164 7775 dfce 4742 8677 3774 gaga efef,
1041,0,,,2017-11-23 09:26:07,aa9c 5667 f442 fgaa 6114 7575 dc77 1bb2 5768 3773 9ffg eedc,
1042,0,,,2017-11-23 09:26:07,99aa 5768 2f7a fffa 1144 5777 cdef b127 5778 6788 gagg ccce,
1044,0,,,2017-11-23 09:26:07,c9c9 6657 2fa4 gffa 1641 7557 dde7 1212 8687 6366 ggfa feec,
1047,0,,,2017-11-23 09:26:36,9a9c 6776 7f7f ffga 1664 7577 fcc7 4724 5788 8874 gaaf defc,
1048,0,,,2017-11-23 09:26:36,99c9 5665 2227 ffaa 1164 5777 ddf9 777b 8868 6448 g9gf cefd,
1049,0,,,2017-11-23 09:29:19,accc 7768 f474 9gga 4464 5775 e799 1bbb 6767 6766 gaga cfee,
1050,0,,,2017-11-23 09:29:19,aaa9 6866 af77 ffff 1644 5757 7edd 2277 6877 7733 ffff edcd,
1051,0,,,2017-11-23 09:29:19,a99a 7558 f72f 99af 1641 7557 c977 2241 5677 3348 9gag fddc,
1052,0,,,2017-11-23 09:29:19,ccac 5576 7a2f fgaa 1116 5577 fccf bb77 5778 8778 fgaf fffc,
1053,0,,,2017-11-23 09:29:19,99a9 6566 2faa g9ga 6461 7777 e97e b412 5767 7834 9ggg fecf,
1055,0,,,2017-11-23 09:29:19,ac9c 6685 a72f affg 4141 7775 e9ce 1471 7678 4873 ffgf dcdc,
1056,0,,,2017-11-23 09:29:19,9acc 8678 4af7 gfgg 4611 5577 ee9e 7772 7788 4346 fggf fdfc,
1057,0,,,2017-11-23 09:29:19,c9a9 5777 7a22 gffa 4464 5757 c7fd bb74 5767 6333 aafa dccf,
1058,0,,,2017-11-23 09:29:19,99ca 7867 24aa fgfg 6164 5555 ce7d 1427 6687 8674 afgf ecfe,
1059,0,,,2017-11-23 09:29:19,cc9a 5855 fafa f9fa 6111 5575 d7f7 7121 8868 3633 gggg cdfd,
1060,0,,,2017-11-23 09:29:19,aa99 8555 a27f gaga 1446 5777 ecf7 b744 7877 7336 9ffg ecef,
1061,0,,,2017-11-23 09:29:46,c9aa 7888 ffff a9gg 1616 7575 dfee 1227 6888 4374 a9ff cdce,
1063,0,,,2017-11-23 09:29:46,cc99 6767 f2f4 9faa 4446 7557 f97f 7777 7887 7376 fafa fddd,
1064,0,,,2017-11-23 09:29:46,9aac 5567 aa22 gfga 6411 5557 efdd b7b1 6678 6776 gfgg ccde,
1065,0,,,2017-11-23 09:29:46,acac 6765 274f gagf 1166 5557 cd7e 4141 6668 8636 aaff fdcf,
1066,0,,,2017-11-23 09:29:46,999a 8865 2f47 9gfa 4644 7775 797f 222b 7667 6874 ggaf ccff,
1067,0,,,2017-11-23 09:29:46,9aca 5858 a27a 9gff 1161 7777 f99e 4241 5677 7876 aagf efde,
1068,0,,,2017-11-23 09:29:54,caa9 5778 442a aaaf 4466 7757 dc79 4bbb 7678 6468 gfga efec,
1071,0,,,2017-11-23 09:34:03,c9c9 6655 7af4 gaga 6666 5755 e7fd 4177 6787 8683 ggaf dcee,
1072,0,,,2017-11-23 09:34:03,9cc9 8677 af7a agga 6416 5575 ee9e 1241 6787 4674 9gaa ddcc,
1073,0,,,2017-11-23 09:34:03,acca 7688 4a47 99ag 6461 7757 df9e bb41 7888 7433 f9af eddd,
1075,0,,,2017-11-23 09:34:03,caca 7777 a44a afff 6464 5775 dfff 7227 7868 6764 aaaf fcef,
1076,0,,,2017-11-23 09:34:03,ca99 5686 f2f4 aafg 6644 7557 ff9d 122b 7677 3638 ggag cdcc,
1078,0,,,2017-11-23 09:34:12,9cc9 8657 4a27 ffff 1116 5557 fdce 7724 5667 6888 aggf fcce,
1079,0,,,2017-11-23 09:34:12,a999 7767 4ff4 gaga 6664 7775 cc7e 47bb 8867 6784 f9ff eeee,
1080,0,,,2017-11-23 09:34:12,9a9a 6867 aff7 gfgg 4111 7557 ec9e 214b 5867 8488 fggg efdf,
1081,0,,,2017-11-23 09:34:12,a9cc 6575 f42a a9fg 1644 5575 ccd9 2777 5767 3464 9afa cdec,
1082,0,,,2017-11-23 09:34:12,acca 7565 24a2 9agf 1161 7575 cce9 411b 6677 4763 gafa cccc,
1084,0,,,2017-11-23 09:34:12,accc 7765 a477 g9af 4464 5577 fce9 7b12 6788 6846 afaa dcdd,
1085,0,,,2017-11-23 09:34:12,aa99 5767 2742 9fgf 6466 7575 ecdf 4244 6688 6448 9gfa fcdd,
1086,0,,,2017-11-23 09:34:12,a9ca 8785 af74 agff 6641 7555 de97 1744 5768 3368 fagf dcce,
1089,0,,,2017-11-23 09:34:12,c9a9 6565 faa7 ffaf 1161 5577 cddf 7bb2 6878 6368 g9ga fcdd,
1090,0,,,2017-11-23 09:34:12,ac99 7676 4a2f a9fa 6441 5555 d79f b4b1 6668 4344 fggg eedc,
1091,0,,,2017-11-23 09:34:12,aaa9 7557 4f2a 9aff 4644 5575 fd7e 2114 8787 3444 g9af dedc,
1092,0,,,2017-11-23 09:34:12,acaa 8587 74ff agfg 4666 5775 ee7d 2b27 8777 8678 f9fa ccdf,
1093,0,,,2017-11-23 09:34:12,9aaa 7778 2ff7 9aga 4161 7575 df9d 172b 5687 3346 aaff dcff,
1094,0,,,2017-11-23 09:35:34,aca9 6768 227f 9faf 1661 5575 7f7d 14b4 6668 8476 fafg ffef,
1095,0,,,2017-11-23 09:35:34,a9a9 8585 7f27 f9af 4111 7757 f7ed 7b17 5778 6873 gafg dddf,
1096,0,,,2017-11-23 09:35:34,cca9 8755 4422 afgf 6466 5577 dcff b411 6877 7768 agaf ccdd,
1098,0,,,2017-11-23 09:35:34,ac99 7857 f44f fafg 6161 5577 dc97 422b 6877 7678 ggga dcfd,
1099,0,,,2017-11-23 09:35:34,aa9a 8575 2a4a ggaa 6144 7577 cccd 2b47 7677 3388 faaf eefe,
1100,0,,,2017-11-23 09:35:34,9c9c 7886 aa77 fgfg 6664 5577 dd9d bbb4 7667 4334 9gfa fedf,
1104,0,,,2017-11-23 09:36:26,a9ac 8758 ff77 gggf 6461 5775 fddf 1421 7878 6778 9afa feef,
1110,0,,,2017-11-23 09:37:09,aa9c 6678 2477 gfff 6144 5555 fecf 2bbb 6787 6466 ggfa ddcd,
1111,0,,,2017-11-23 09:37:09,9ca9 8557 a22f gffa 1444 5557 9f77 277b 6778 6348 9afg eded,
1113,0,,,2017-11-23 09:38:54,accc 7685 7274 9ffa 6161 7555 cefd 7717 8868 3764 a9fa eced,
1114,0,,,2017-11-23 09:38:54,a99a 6588 74ff fgfa 4666 5757 dfdd 2b7b 6688 8643 g9fg dcff,
1115,0,,,2017-11-23 09:38:54,9c9a 5686 fa7a 99aa 4166 7555 ef77 4127 6678 6764 gfga ffed,
1117,0,,,2017-11-23 09:39:18,9c99 7565 77a4 9ggg 4614 5557 d7ee 4127 7788 4746 99fa ceec,
1118,0,,,2017-11-23 09:39:18,cac9 5858 f27a 9gag 6161 5775 7df9 b424 7777 7863 fgaf dcee,
1119,0,,,2017-11-23 09:39:18,a9ca 5668 4a4f agfg 1411 7755 eecf 4114 7668 8448 agag dddd,
1120,0,,,2017-11-23 09:39:18,ccca 6567 af22 agga 1411 5757 fff9 1722 7887 8686 fffa defd,
1121,0,,,2017-11-23 09:39:18,999c 6856 42a4 f9af 1161 5557 feef 4747 6668 3676 a9fa deec,
1122,0,,,2017-11-23 09:39:18,9aa9 6755 fa72 f9ag 4461 7775 9c77 171b 7788 8838 gagg cdcd,
1124,0,,,2017-11-23 09:39:18,c999 6556 77f7 fagg 1161 7577 eddf 727b 6887 6483 agfa dedc,
1125,0,,,2017-11-23 09:39:41,aaac 5785 744a g9ag 4464 5757 df77 4b44 8767 6684 9fgg ffcd,
1128,0,,,2017-11-23 09:41:09,9cac 7685 22a2 a9ff 1461 5775 fde7 4442 5678 8638 ffff ffcd,
1129,0,,,2017-11-23 09:41:48,9ccc 8787 aa27 g9aa 6164 7755 fdfe 1bb4 8777 6878 a9fa ffcc,
1130,0,,,2017-11-23 09:41:48,999a 8877 4a7a g9ag 4664 7555 c9d9 42b4 6877 4346 aaaf fdcd,
1131,0,,,2017-11-23 09:41:48,a9a9 6786 24a4 g9ga 4111 7775 ece7 72bb 7778 8488 aaga fcdc,
1133,0,,,2017-11-23 09:41:48,c9ac 8575 a722 fafa 6416 7775 fced 7bb2 5867 8734 9fgf deee,
1134,0,,,2017-11-23 09:41:48,9a9a 6876 4a72 fgfg 4141 5555 9fe9 47b1 8668 7336 9aaf efef,
1135,0,,,2017-11-23 09:41:48,9cac 5555 22ff g9ga 6616 7775 f7ce 7114 5778 4734 a9gg dedc,
1137,0,,,2017-11-23 09:41:48,9acc 7667 aa4a fgfa 4166 7557 9dee 4bbb 6687 4636 a9fg fdef,
1138,0,,,2017-11-23 09:41:48,99a9 7565 2f7a gaff 6446 5755 d97f 4414 7787 7883 a9ag dced,
1139,0,,,2017-11-23 09:41:48,99cc 8756 4772 agaf 4111 5777 efdd 2111 6688 6374 gaag eefc,
1144,0,,,2017-11-23 09:42:35,9a99 7586 7faa afga 6144 5775 d97f 4424 6688 7674 agaf dfcc,
1145,0,,,2017-11-23 09:43:15,c99a 5677 4aaf f9af 6141 5777 9dc9 1112 8868 8844 9gaa eeff,
1146,0,,,2017-11-23 09:43:15,cccc 7886 2f4a agag 1441 5775 99fd 211b 5667 6866 fgga efdf,
1147,0,,,2017-11-23 09:43:49,9c99 8678 fa4a fggg 6141 7575 9e79 1272 8667 7643 aaff fdef,
1148,0,,,2017-11-23 09:43:49,99aa 5755 a724 f9fa 4116 7777 c7ef 2712 8768 7338 gaaa decd,
1149,0,,,2017-11-23 09:43:49,9cc9 8775 f42f aagg 4141 5557 e9ef b274 7778 8484 agaf feef,
1150,0,,,2017-11-23 09:43:49,ccac 6785 f72a fagg 1111 7775 fc9e 1124 8867 6348 f9aa cffe,
1153,0,,,2017-11-23 09:44:03,99aa 8585 442a afff 6611 7557 fce9 12b2 5688 8833 ffag fedf,
1154,0,,,2017-11-23 09:44:58,9c99 5858 72a2 agaa 6144 5757 77ed b41b 7788 7376 afgg fdce,
1155,0,,,2017-11-23 09:44:58,999a 8688 2a47 f9ag 6641 5775 fdff bbb2 6688 7773 ffga edde,
1156,0,,,2017-11-23 09:44:58,a9c9 7885 2f4f f9gf 1114 5577 9779 1717 7868 3873 99ag dcde,
1158,0,,,2017-11-23 09:44:58,aa9a 8678 24a4 faaa 6164 7577 de7e bb41 5888 6688 afgf ecfc,
1159,0,,,2017-11-23 09:45:31,aaac 7775 f77f aaga 4111 7555 edc9 4271 6878 6878 99gf cedc,
1160,0,,,2017-11-23 09:45:31,9ca9 8676 42f4 99fa 6411 5555 9cf7 1242 8768 7773 9aaf eece,
1161,0,,,2017-11-23 09:45:31,aa99 6665 777f 9ggg 1446 7777 fcf9 b177 5887 3876 a9af cdff,
1162,0,,,2017-11-23 09:45:43,a999 7767 ff7a agag 4446 5555 cdc9 2b27 8667 7383 gaag fced,
1164,0,,,2017-11-23 09:46:09,a9a9 8555 a2a2 affa 6441 7557 fe7d 7b72 7787 4488 9fgf cdee,
1165,0,,,2017-11-23 09:46:09,ccca 6888 aa24 g9ag 1641 5557 7c7e b277 7878 7673 gagg eddd,
1166,0,,,2017-11-23 09:46:35,99c9 7687 472a f9gf 6664 7757 79ee 1177 7778 8374 9gaf dfce,
1167,0,,,2017-11-23 09:46:35,aaaa 6655 4a4f gaag 1164 7555 c7f7 bb4b 7677 7688 f9ga efcf,
1168,0,,,2017-11-23 09:46:35,ccac 8757 74f4 9fga 6444 5575 7d97 44b7 6887 3384 gaga cfdd,
1169,0,,,2017-11-23 09:46:53,9ccc 7577 4744 a9fg 1614 5777 9cf7 7112 8688 6664 99ga eedc,
1172,0,,,2017-11-23 09:47:35,c9ac 5656 a2a2 ffff 4664 5577 fee9 b471 7677 8864 faff decd,
1173,0,,,2017-11-23 09:47:35,c999 7675 4747 9fff 1444 5777 e799 b27b 6888 4348 afff cfcd,
1174,0,,,2017-11-23 09:47:35,9c9a 8577 7474 fgff 1641 5557 ffed 7bb2 7867 3484 fgag cdec,
1175,0,,,2017-11-23 09:48:11,ccc9 5778 777f gagf 1116 7577 e9ee 2147 7767 8334 9aaa ccff,
1176,0,,,2017-11-23 09:48:52,cccc 5565 22a7 a9fg 6446 5575 79d7 2174 7777 4883 ffgg eced,
1177,0,,,2017-11-23 09:48:52,9ca9 7656 4f22 9ffg 1466 7775 dee9 72b4 6668 6746 9aaf fccd,
1178,0,,,2017-11-23 09:48:52,9ccc 6677 a22f g9af 4614 7557 7e79 2b7b 5788 7436 fgaf cfcd,
1180,0,,,2017-11-23 09:48:52,aac9 6668 77fa agag 4144 7757 77de 741b 5888 6764 g9ga ecce,
1181,0,,,2017-11-23 09:48:52,999c 5858 faa2 g9ag 4646 7775 dcef 7222 8678 3376 aaaa fffd,
1182,0,,,2017-11-23 09:48:52,9ccc 6776 272a gfaa 4461 7557 7c97 4471 6678 3833 afaa cdee,
1183,0,,,2017-11-23 09:50:07,caac 6657 afaf 99ga 1611 7555 cdcf 42bb 6688 3676 afff cdef,
1184,0,,,2017-11-23 09:50:07,cc9c 8688 7442 9ffg 1461 7777 cdd9 44bb 7668 6483 aaaa eded,
1187,0,,,2017-11-23 09:50:24,9a9c 5586 7227 fagg 1144 7575 c99d 7b44 5887 3348 9ggf fcce,
1188,0,,,2017-11-23 09:50:24,aa9a 8668 7772 9fag 1644 5555 ed9e bb42 6768 7386 fagg ccdd,
1189,0,,,2017-11-23 09:50:24,acc9 6766 7744 afgf 6414 7777 9cf7 2422 8667 4666 afga fdde,
1192,0,,,2017-11-23 09:52:24,aca9 6586 2aa4 agga 1644 7577 ef9e 7171 5868 8844 faag dcfc,
1193,0,,,2017-11-23 09:52:34,ac99 7777 4477 99ga 6411 7775 ed99 4111 8667 7663 9faf efee,
1194,0,,,2017-11-23 09:52:34,ccaa 8668 aaa7 afag 6666 5575 f79e b227 8888 7373 fgga edde,
1196,0,,,2017-11-23 09:52:34,accc 5558 4ff7 gaga 6416 7757 c977 b774 5678 4874 faga ddcd,
1197,0,,,2017-11-23 09:52:34,9ca9 5585 fa7f gfag 1611 5575 cfed b247 8788 7888 gafa fccc,
1200,0,,,2017-11-23 09:52:34,accc 6557 4afa gfgg 1644 5575 e7d9 111b 6668 8863 fgga edcc,
1202,0,,,2017-11-23 09:52:34,aaa9 8767 4a2a ffaa 6666 7575 edf9 7b21 6687 8446 ggff fcfc,
1203,0,,,2017-11-23 09:52:34,ac9a 7678 a42a agga 1146 5557 d7ee 17b7 7878 6368 gaag efcc,
1204,0,,,2017-11-23 09:52:34,acc9 7557 7aaa a9aa 6614 7775 f9ce bb21 5767 3866 aaag cfec,
1205,0,,,2017-11-23 09:53:09,acaa 8587 aa2f gffg 4111 5577 dde7 bb2b 8887 6383 fafg fefe,
1206,0,,,2017-11-23 09:53:09,caac 5875 7774 9fff 4114 5777 9c9f 2144 8678 4766 fffg efff,
1207,0,,,2017-11-23 09:53:09,99ac 7866 4a72 ggga 4461 7755 def9 2b74 5868 4476 aaaf cddd,
1211,0,,,2017-11-23 09:55:07,acac 7658 27af 99aa 6411 5577 eeee b71b 5678 3788 gafg fcfc,
1212,0,,,2017-11-23 09:55:07,9aa9 7888 7a2f ffgf 1461 7575 ec9d b2bb 8788 7766 99af dedd,
1213,0,,,2017-11-23 09:55:07,c9aa 8768 27ff ggaa 6464 7575 fcee 1bbb 8687 8376 gafg ddfc,
1214,0,,,2017-11-23 09:55:07,c9aa 5575 4747 f9aa 6416 5777 799e 1121 5778 4688 gffa dfde,
1217,0,,,2017-11-23 09:55:07,ca99 5556 a77f g9af 6441 5557 e9cd 7112 6867 8483 9aff ffcd,
1221,0,,,2017-11-23 09:55:47,9a9a 5758 427f a9gf 6416 5755 cdcf 2727 7667 8366 a9gg fcff,
1222,0,,,2017-11-23 09:55:47,accc 6676 f244 f9ff 4141 5757 9df9 b414 5768 6734 fggf cffc,
1226,0,,,2017-11-23 09:57:46,a99a 5855 72f4 fgfg 1641 5577 c7d7 724b 8677 7686 9faf cfdf,
1228,0,,,2017-11-23 09:57:46,c999 6556 2277 g9fa 1144 5757 9dc9 1411 8688 4878 a9ff fcdc,
1229,0,,,2017-11-23 09:57:46,99c9 6786 2fa2 a9gf 4664 7775 cdcf 214b 5888 7443 g9ga dfff,
1232,0,,,2017-11-23 09:57:46,acac 5685 24f4 agaa 6166 5575 99f9 b272 7887 3363 aaff eedf,
1233,0,,,2017-11-23 09:57:46,ccca 7757 772a gagf 1444 7755 9999 b414 5687 6446 gfff fcdf,
1234,0,,,2017-11-23 09:57:46,ccac 5778 4fa4 fgag 1666 5577 dfee b21b 6688 3843 g9aa fcfe,
1235,0,,,2017-11-23 09:57:46,a99c 5767 a47f 9aaa 6444 5757 99d9 4142 5768 4844 9fgf cfcf,
1236,0,,,2017-11-23 09:57:54,acaa 6685 afaa 9faf 1641 7775 fced 4b22 5688 6846 afff ceec,
1237,0,,,2017-11-23 09:58:26,a99a 5865 aa7f afaa 6144 5557 cddd 7711 5888 3348 fgaf efed,
1239,0,,,2017-11-23 09:58:26,9999 5657 2af7 gaaa 1641 5575 fc9f 4b11 5767 8678 agff cfce,
1240,0,,,2017-11-23 09:58:36,cc9c 8688 277a agaa 4146 7557 dfcd 1b41 7867 8336 gfag cdfe,
1242,0,,,2017-11-23 09:59:10,acca 5587 4f24 9gga 4141 5577 9cce 1741 8677 6673 gfgf edfe,
1243,0,,,2017-11-23 09:59:10,ca9c 5588 447f fgaf 1464 5775 e7ee 441b 5667 6786 9fff cdee,
1245,0,,,2017-11-23 09:59:25,cccc 5667 7f2f aaff 1664 7557 ecf7 242b 8877 4678 a9fa ecdd,
1249,0,,,2017-11-23 10:00:12,ac99 7876 74f4 99ff 1646 5777 9c9f 11b2 5667 4664 9ffa ddff,
1251,0,,,2017-11-23 10:01:30,cccc 6558 2a7a a9ag 4414 5577 ceff 24b7 6687 4338 9fga fffd,
1252,0,,,2017-11-23 10:01:30,9aa9 5656 a7fa g9gf 6164 5557 e9c7 1122 6687 3734 gffg eecd,
1253,0,,,2017-11-23 10:01:30,caaa 5556 af44 aaaa 1111 5575 ccc9 72b2 7878 8764 9fga ccde,
1254,0,,,2017-11-23 10:01:30,acc9 8777 aaa2 f9ag 4446 5557 dddd 2447 8777 8466 f9gf ffdc,
1255,0,,,2017-11-23 10:01:30,9ccc 7758 af27 fgag 4446 5777 d9f9 2741 5668 3486 9afa cddc,
1257,0,,,2017-11-23 10:01:30,9ccc 6575 a242 99af 6414 5757 eccd 4714 7878 8774 gfaf fffe,
1259,0,,,2017-11-23 10:02:22,a9ac 8577 24a7 gggg 6666 7755 7fff 27b2 5688 6678 a9gf ccfe,
1260,0,,,2017-11-23 10:02:22,aacc 5768 7ff4 ggag 4646 7557 9ff7 b427 6767 7636 9gag eece,
1261,0,,,2017-11-23 10:02:22,a99a 6786 f24f fagf 4441 5577 ccee 47b4 7687 4648 99af cecd,
1262,0,,,2017-11-23 10:02:22,ccca 6858 7a72 aggf 1116 5775 cdff b742 7788 4668 9gfa ddce,
1263,0,,,2017-11-23 10:02:33,9aca 8676 222f aaff 4646 5575 7cfe 2bb1 8868 6378 afgf ccce,
1264,0,,,2017-11-23 10:03:54,c999 7867 724f agga 1111 5555 dc9e 7217 5767 8476 gaaa feef,
1267,0,,,2017-11-23 10:05:46,acac 6885 4f72 a9ag 6161 7575 f7ee 471b 8868 7478 9ggf fcfe,
1270,0,,,2017-11-23 10:06:38,aca9 5767 a7f4 afff 4161 7555 ed9f 4427 5788 3764 agga eedc,
1274,0,,,2017-11-23 10:06:38,ac99 7576 2af7 g9ga 1666 5575 9fef 4b72 7877 7376 gffg fcfd,
1276,0,,,2017-11-23 10:06:38,a99a 7865 f24a afgf 1166 5575 7fd7 b1b4 5878 4473 aaff dcfe,
1279,0,,,2017-11-23 10:06:38,ccca 5665 4f2f gfga 4644 7555 9f7e 227b 7677 7838 gfgf fdcd,
1280,0,,,2017-11-23 10:07:15,acac 5666 7f42 9ggf 6141 5757 d7ef 1112 6868 3788 gagf fccc,
1281,0,,,2017-11-23 10:07:15,cc99 8766 a7f7 fgaf 1164 7557 dd77 21b1 8787 7668 9aaf ffcd,
1283,0,,,2017-11-23 10:07:15,c9aa 6785 4ff4 aggg 6666 7577 cf9e b7b7 7687 7774 affg cdfc,
1286,0,,,2017-11-23 10:07:15,ccc9 8875 2f22 99ff 4164 5557 c7c7 2177 6688 4673 9afg ccff,
1287,0,,,2017-11-23 10:07:15,9999 5658 2fa4 9agg 1441 5557 7eff 7b77 7867 4676 ggag efec,
1288,0,,,2017-11-23 10:07:15,9ac9 8755 4f72 gfag 6441 7555 dcf9 1b27 5787 6436 99af ddec,
1289,0,,,2017-11-23 10:07:15,acac 8555 224a afga 4641 5757 d9cf 7147 7767 6638 fffg fedc,
1290,0,,,2017-11-23 10:07:15,9cca 5765 2fa4 gagf 4616 5775 fcc9 b112 8888 8363 a9fg dcff,
1293,0,,,2017-11-23 10:07:54,9cca 6768 ffa4 fggg 1164 7755 decf 2211 7688 8744 9faf cfcc,
1294,0,,,2017-11-23 10:08:15,a9ac 8657 ff7f gaaa 6461 5755 9ed9 1b47 5778 3778 a9gg eccc,
1295,0,,,2017-11-23 10:08:15,9aca 6757 77fa affa 4444 5775 e77e 147b 6867 4438 9fga ffec,
1296,0,,,2017-11-23 10:08:15,c9cc 5677 2f4f 9aaa 6444 7775 ddde 7b7b 7768 4343 a9fg ceee,
1298,0,,,2017-11-23 10:08:15,c9ac 6578 2277 fafg 4416 5777 c997 7142 5678 8874 aafg cfef,
1300,0,,,2017-11-23 10:08:44,cca9 6655 7aa7 9aaa 6466 7575 779d 7b24 5678 4684 9faa efec,
1302,0,,,2017-11-23 10:09:01,9a9a 7587 7a2f 9agg 4614 7555 7e9f 4171 7678 8674 aaga fcef,
1303,0,,,2017-11-23 10:10:46,9cc9 6656 222a f9gg 1146 7777 f9ed 1274 6877 7876 f9ga dfcc,
1304,0,,,2017-11-23 10:11:40,9cc9 5786 f747 fgfa 4116 7777 cee9 b722 6888 4478 afaf dcdc,
1305,0,,,2017-11-23 10:11:40,caa9 7785 a2f2 99aa 6114 7757 c99f bb77 5687 4833 ffga eced,
1306,0,,,2017-11-23 10:11:40,a9ac 6886 7a72 9gag 4646 7777 ff7e b272 5867 8744 fgaa edec,
1307,0,,,2017-11-23 10:12:20,c99a 5667 aa47 fgaf 1441 7575 9cf9 b24b 8788 8646 99ff fece,
1309,0,,,2017-11-23 10:12:53,a99a 6777 7fa2 ggaa 1164 5777 79dd 4777 8778 8333 a9aa efdd,
1311,0,,,2017-11-23 10:12:53,9a9c 5868 427a a9ga 6464 7755 7fe7 4174 7878 3676 agaa ecdf,
1312,0,,,2017-11-23 10:12:53,9c9a 7655 ff72 99gf 1444 7555 7dd7 1b27 8767 4438 fggg fdde,
1313,0,,,2017-11-23 10:12:53,99c9 6557 24a2 gfff 4461 5577 9f79 2444 5688 4764 gfgg cddf,
1314,0,,,2017-11-23 10:12:53,acc9 8576 4a2f ggga 1664 5555 7fdf 2b22 7867 4478 9aaf dddc,
1315,0,,,2017-11-23 10:12:53,9cac 5687 2472 f9af 6441 5555 ed7e 221b 5788 7873 fggf ffce,
1316,0,,,2017-11-23 10:12:53,c9aa 8777 aaff a9ff 1414 5575 7cfe 7147 7688 7338 g9fg eedd,
1317,0,,,2017-11-23 10:12:53,9a99 6688 f7aa f9af 1141 7757 dc77 4b7b 7878 3778 afaa cedc,
1319,0,,,2017-11-23 10:12:53,aca9 5688 4a7f ggga 6411 5555 cf79 7717 8877 6664 9aaa dcef,
1320,0,,,2017-11-23 10:12:53,c9c9 8587 2777 ffga 1666 5777 79fe bb2b 7687 7446 9ffg efdc,
1321,0,,,2017-11-23 10:12:53,9ac9 7657 24f4 gfff 1116 5757 97cd 2717 7888 7476 faaf eccf,
1322,0,,,2017-11-23 10:12:53,99c9 6657 2444 ffgg 6466 7777 9eee 1217 7668 4834 99ga eecf,
1323,0,,,2017-11-23 10:12:53,99cc 7886 f472 fgag 6646 5755 ff9d 77b1 7788 7368 9faa fccc,
1324,0,,,2017-11-23 10:12:53,acca 6865 afaa 99ff 1644 7555 fdef b227 8767 6736 9ffa dedf,
1326,0,,,2017-11-23 10:12:58,aaaa 7565 a47a g9aa 6664 5555 c9f9 27bb 7667 3444 ffga feee,
1327,0,,,2017-11-23 10:13:41,ccc9 6577 fa7f gafa 1411 5757 9c79 11b7 6868 6673 ggga dccd,
1328,0,,,2017-11-23 10:13:41,999c 5658 424a faaf 4164 7577 cccd 412b 6777 3743 aggf ddcd,
1329,0,,,2017-11-23 10:13:41,9c99 7658 42f7 afaf 4114 7555 7ce7 2bb4 6877 7334 a9af eede,
1330,0,,,2017-11-23 10:13:41,ac9a 5557 ffaf g9gf 6666 5757 99ff 1244 6687 7766 agga ceec,
1331,0,,,2017-11-23 10:13:52,acac 6578 a777 aaaf 6164 5777 cedf 2117 7767 7376 9aaa fcde,
1332,0,,,2017-11-23 10:15:48,999a 8756 f4fa aafg 6111 7575 9e7f b121 5878 4463 f9ag ddcf,
1333,0,,,2017-11-23 10:16:02,9cca 8885 2477 99ag 1411 7577 dddf b247 6767 8388 agff cfdf,
1334,0,,,2017-11-23 10:16:02,c9a9 8567 f744 g9gf 1446 5777 9cee b111 5868 8743 agag cfcc,
1335,0,,,2017-11-23 10:16:14,a9cc 7678 a4a7 9gaf 6116 5775 e9ff 1b44 8867 3733 f9fg fcee,
1336,0,,,2017-11-23 10:16:14,9aac 5675 2a44 9aff 6641 7577 edef b471 6768 4743 aaag fdfe,
1337,0,,,2017-11-23 10:16:14,c9cc 8768 a4af fgff 6641 7575 ef97 2217 7777 7873 fafg ddcc,
1338,0,,,2017-11-23 10:16:14,9ac9 7568 4244 99gg 6664 7775 cc9d 4112 5788 4734 affg edef,
1339,0,,,2017-11-23 10:16:14,9ccc 6887 7a22 ffaf 4446 7775 ccff 7424 6878 3688 ggaf cecc,
1340,0,,,2017-11-23 10:16:14,c9ac 7667 2742 gfgf 4161 5575 cf9d b411 5877 7863 gafa fdcc,
1341,0,,,2017-11-23 10:16:14,ac99 7767 44a2 9gfg 4444 7755 df79 71bb 6687 4834 9aaf fcdf,
1342,0,,,2017-11-23 10:16:14,ccc9 8758 af77 99fa 6664 5777 97ff 1474 5767 6666 gffg ddce,
1343,0,,,2017-11-23 10:16:14,aaaa 7865 7a42 afaa 4464 5775 dd7d b422 7788 3388 9agg efcd,
1344,0,,,2017-11-23 10:16:14,9aaa 8555 7aa2 aagf 6616 5775 df77 717b 5868 8484 ggaa dcfd,
1345,0,,,2017-11-23 10:16:14,ca9a 8776 4af2 aagg 6646 5557 fd99 7117 6787 3363 99ga decc,
1346,0,,,2017-11-23 10:16:14,999c 7867 44f2 faag 4161 7775 799d 71bb 8888 8368 afag dfef,
1347,0,,,2017-11-23 10:22:01,9c9a 7667 f72a faaa 4444 7577 7799 1177 5887 6446 9gaa fddf,
1348,0,,,2017-11-23 10:22:01,9aaa 7866 4472 aaag 4114 5757 e9d9 b72b 7787 4743 f9fg edde,
1349,0,,,2017-11-23 10:22:01,99c9 7587 a774 9ggf 4444 5577 f9ef b772 6877 8778 fgaf edff,
1350,0,,,2017-11-23 10:22:01,99ca 7776 faa7 gfgg 6666 7577 f7ce 1b17 6777 3634 faaf edcf,
1351,0,,,2017-11-23 10:22:14,c9cc 8855 f2f2 f9ff 1444 5757 cfce 1b74 5678 3363 g9ag cfed,
1352,0,,,2017-11-23 10:22:14,aaca 7865 2744 f9aa 4414 7755 9ccf b447 5778 6844 9ffg feee,
1353,0,,,2017-11-23 10:22:14,caaa 7785 aff2 aggg 1116 5577 dce7 b222 7778 4748 ggff efce,
1354,0,,,2017-11-23 10:22:14,a9aa 6877 2f22 gfaf 4411 5775 cfed 2244 6888 3483 aafg ffcc,
1355,0,,,2017-11-23 10:22:14,9aaa 8786 4474 ffff 6461 7575 9ddf 27bb 6677 8774 agga ccec,
1356,0,,,2017-11-23 10:22:14,9c9c 6578 727f a9gf 1666 7575 7d7e b122 8878 7683 gafa ddcf,
1357,0,,,2017-11-23 10:22:14,c999 8885 aaa2 gaff 6444 7575 7e97 121b 8878 7386 9gff cfff,
1358,0,,,2017-11-23 10:22:14,aaaa 7565 7faf a9gf 6464 5557 77c7 7421 8867 4786 fgff dfdc,
1359,0,,,2017-11-23 10:22:14,99a9 5887 aff4 ggff 1114 5775 ee9f 2b4b 6888 3783 gaag ecce,
1360,0,,,2017-11-23 10:22:14,aaca 8776 f7ff fgag 4164 5575 7def 14b4 5868 7788 ffga cede,
1361,0,,,2017-11-23 10:22:14,9cc9 7685 27f2 g9af 1416 7575 9dfd 27b1 6768 3834 g9ff cfed,
1362,0,,,2017-11-23 10:22:14,999c 5858 4a27 aggf 4611 5775 deee 7441 7787 6348 aaag dfcd,
1363,0,,,2017-11-23 10:22:14,aac9 5678 4a74 afaf 1446 5777 d97f 417b 5688 6848 9ffg fedf,
1366,0,,,2017-11-23 10:22:14,aaa9 6676 4a4a gafa 6611 7555 e7f7 1b24 5677 4446 9agg ddcc,
1369,0,,,2017-11-23 10:22:14,aa9a 8588 aa74 9gfg 4616 5775 ee7e 4117 5878 8784 9ffg fdec,
1371,0,,,2017-11-23 10:22:14,caac 5775 f7a7 gaag 6616 5575 e797 4411 6768 4463 ggga defc,
1372,0,,,2017-11-23 10:22:14,9cc9 7776 f2a2 faga 4464 5755 7ffd 1141 5867 4348 99af eecc,
1373,0,,,2017-11-23 10:22:14,a99a 6557 444a afgf 1416 7777 dfc7 12b7 8778 4364 agga dcdf,
1375,0,,,2017-11-23 10:22:14,999a 7565 a47a fffg 1114 7757 ec97 12b7 8888 8633 aaga dece,
1376,0,,,2017-11-23 10:22:14,aaa9 8676 afa7 9fgf 4161 7777 99ed bb42 5687 6376 ffgf ffed,
1377,0,,,2017-11-23 10:22:14,c9c9 8677 47f2 fgff 6164 7775 eee7 b177 5867 3766 9gfg fcdd,
1378,0,,,2017-11-23 10:22:14,ac99 5867 42aa gafg 1444 5557 eede 1b41 8877 3733 g9ag fcdf,
1379,0,,,2017-11-23 10:22:14,accc 8777 7aa4 a9ag 6646 5777 9f77 7b47 7888 3376 afaf ffcf,
1382,0,,,2017-11-23 10:22:14,cc9a 7688 2224 afgg 6116 5557 cfde 1444 8788 3674 g9fa fced,
1383,0,,,2017-11-23 10:24:22,9cca 6567 4a44 9ggg 1441 5755 9ccd 7177 6767 3678 gaaf dfcc,
1384,0,,,2017-11-23 10:24:22,acca 8868 f722 gggf 1141 5555 9ee7 7117 5677 6344 g9gg ecfc,
1385,0,,,2017-11-23 10:24:22,a9a9 6776 f7a7 g9ag 1441 5755 f9f9 1741 7678 3348 gfaf ccee,
1386,0,,,2017-11-23 10:24:22,cc99 5588 2f2a a9fa 1411 7777 f7ce 71bb 7778 8633 ggag ceec,
1387,0,,,2017-11-23 10:24:22,aac9 6775 aff4 9aaa 1666 7557 7f79 42b2 5777 3634 9fgf fdcf,
1389,0,,,2017-11-23 10:24:22,99aa 6788 242f fggf 1114 7755 e9ce b471 6868 7346 fgfg ecee,
1391,0,,,2017-11-23 10:24:22,99ca 6678 7ff2 9fgf 4111 5755 ec9e 4b74 7788 6666 agaf eeff,
1394,0,,,2017-11-23 10:24:22,a99c 7566 2472 9gaf 1114 7777 97ed 2bb7 6767 4846 afgf fcde,
1395,0,,,2017-11-23 10:24:22,acc9 7877 7aaf 9aga 6111 5757 9def 1444 8668 4648 a9gg ecff,
1397,0,,,2017-11-23 10:24:57,9a99 5657 7f24 9gaa 1646 7577 f9ce 7b14 5768 6364 fffg dffc,
1398,0,,,2017-11-23 10:25:05,aaa9 6775 fa27 gaff 4166 7757 e99e 2414 6868 3336 9aaf cfce,
1399,0,,,2017-11-23 10:25:05,c999 5758 7f4f fgag 1664 7557 9c99 241b 6687 6373 ggag cfdc,
1401,0,,,2017-11-23 10:26:04,caa9 8776 24af 9ffa 1464 5757 9f9d 7b47 7668 8834 afga dffe,
1402,0,,,2017-11-23 10:26:04,9aaa 8758 74fa 9ffa 6644 5577 ceee 2277 6788 7734 f9aa ffee,
1403,0,,,2017-11-23 10:26:04,9cac 6677 aa4a a9ag 6444 7777 e99e 1422 5868 6746 g9ff ccdc,
1404,0,,,2017-11-23 10:26:04,caaa 8866 7aa7 ggga 4444 5757 999e 277b 8787 6648 agaa fcdf,
1408,0,,,2017-11-23 10:27:33,999a 8556 4442 fafa 6416 5557 c7d7 4474 6677 3346 fafg cddd,
1410,0,,,2017-11-23 10:27:33,c9a9 5556 af2a 9gga 1114 5777 7cc7 7122 6668 3346 f9fg eeec,
1411,0,,,2017-11-23 10:27:33,cac9 6588 224f 9faf 4111 7757 eec9 4127 6888 3483 faga edce,
1414,0,,,2017-11-23 10:28:38,ac9a 8678 72a4 gagg 1666 7575 ece7 1774 6768 8476 afga ffde,
1415,0,,,2017-11-23 10:28:38,ca9c 6855 47f7 aaag 6664 7555 df79 4711 5677 3774 aaff fcef,
1416,0,,,2017-11-23 10:28:38,9cc9 7755 fa42 gagg 1616 7575 edfd 144b 5678 6846 9agf fcfd,
1418,0,,,2017-11-23 10:28:38,acc9 7876 772f fggf 6464 7755 f7e9 4142 8768 6383 afaf dfed,
1419,0,,,2017-11-23 10:28:38,c9ca 6577 f742 gfgf 4646 5557 77de 2177 8688 3333 agag efee,
1421,0,,,2017-11-23 10:28:51,c99c 8868 4222 fafg 4661 7755 ddde 417b 5768 8873 9agf fdde,
1423,0,,,2017-11-23 10:29:13,a999 6757 a22f gfgf 4166 5575 ecc9 b244 6777 4678 f9ff fedc,
1425,0,,,2017-11-23 10:29:59,c9ca 7888 a2f4 9afa 1444 7755 777f 114b 6887 7446 g9ag dfee,
1429,0,,,2017-11-23 10:33:21,99cc 5655 42f2 aaga 4441 7577 9dee 4241 6767 3633 99fa cccf,
1431,0,,,2017-11-23 10:33:21,a9c9 8875 47af 9aag 4661 7577 cc77 1124 5867 8783 9gfa ffde,
1432,0,,,2017-11-23 10:33:21,9cac 6667 22aa gaaf 4641 7775 e7ee 14b7 5868 8783 g9gg ccfd,
1433,0,,,2017-11-23 10:33:21,a9c9 8667 4747 9gga 6146 7577 cece 1b2b 8787 8348 f9ff feef,
1434,0,,,2017-11-23 10:33:21,a99a 6857 f4af g9fa 1616 5757 7fee 22b4 6678 7736 gfff fdfe,
1435,0,,,2017-11-23 10:33:24,9999 7856 47f2 ggfg 1441 5577 dede 72b4 8787 3384 ggfg eecd,
1436,0,,,2017-11-23 10:33:24,9aaa 5655 a444 9fgf 1464 7557 9f9f b717 7667 7684 9ggf decd,
1437,0,,,2017-11-23 10:33:24,caaa 8575 ffaa affa 6616 5555 79c7 4714 6868 3866 9gaf fcee,
1438,0,,,2017-11-23 10:33:24,c9aa 5676 aa7a gagf 4646 5575 c799 1b24 7788 3744 9gfg ddff,
1439,0,,,2017-11-23 10:33:24,9a9a 6765 a244 f9ag 1461 7777 f77d b727 8668 7863 99fa cedd,
1440,0,,,2017-11-23 10:33:24,c9ac 6755 aff2 gagg 4466 7557 ed77 4722 8687 7468 gggf ceff,
1441,0,,,2017-11-23 10:33:24,ccc9 7786 7faa 9ggg 6441 7555 ddfd b114 7687 6836 aagg ddec,
1442,0,,,2017-11-23 10:33:24,c9ca 5588 f424 fgfa 4164 5757 eecf 4712 7667 3374 aafa cdef,
1443,0,,,2017-11-23 10:33:24,aaca 6675 a727 ggfg 1444 5575 dfd9 7212 8868 6784 afgf edef,
1444,0,,,2017-11-23 10:33:24,aa9c 5677 7f4f 9ggg 1111 5755 ced9 b447 8678 3378 faff cfdc,
1445,0,,,2017-11-23 10:33:24,ca9c 7878 f2a7 gfga 1614 7575 9dce b71b 5788 4646 aaff edff,
1446,0,,,2017-11-23 10:33:24,aaac 5858 7f27 9gaa 4446 5777 fffd 2717 5778 7688 afgg ecce,
1447,0,,,2017-11-23 10:33:24,acac 8777 aa74 f9ga 6164 5777 7f99 4244 8867 8866 fffa dfcc,
1448,0,,,2017-11-23 10:33:24,ca9c 7678 4af4 gffg 6461 7777 cef7 4721 5677 7464 99fg dded,
1449,0,,,2017-11-23 10:33:24,accc 6666 4f4f 9afa 1644 5577 9fd7 b121 6777 7634 99ga cecc,
1450,0,,,2017-11-23 10:33:38,9aac 7785 7fff gggf 1114 7777 cd77 7477 6868 3374 9gga cfef,
1451,0,,,2017-11-23 10:35:00,ac99 5766 4744 f9gg 1116 5757 f7cd 7447 7677 6434 ggfa edcd,
1452,0,,,2017-11-23 10:35:02,cca9 6858 24af 9fgf 6444 5757 7c7f 7712 8867 6734 agag cecc,
1453,0,,,2017-11-23 10:35:02,9a99 6875 fa24 99ff 6641 7557 dedf bbb2 8688 6474 f9gf fffe,
1454,0,,,2017-11-23 10:35:02,ccac 5678 4222 gafa 4116 7555 ec9f 4477 8788 4646 agfa fffc,
1455,0,,,2017-11-23 10:35:02,aa9a 6776 aa42 afgf 6444 5775 7c99 2b14 6787 6643 afaf ceed,
1456,0,,,2017-11-23 10:35:02,a9ca 8556 7f44 9fff 6141 7557 ecdf bb22 6777 4746 ffaa fecd,
1457,0,,,2017-11-23 10:35:02,9ac9 6586 f7aa ggaf 6444 5775 cd9e 7472 5667 6388 ffgg eefe,
1459,0,,,2017-11-23 10:35:15,999c 5667 a2a7 afag 1166 7555 7d7f 2271 7778 6883 a9fa edcc,
1461,0,,,2017-11-23 10:35:23,a9c9 7875 a477 faaa 1111 7775 fed7 2712 8887 6686 ffff fcde,
1462,0,,,2017-11-23 10:35:44,c99a 7577 2242 9agg 6161 7757 9799 777b 7778 4684 9agg fcfd,
1463,0,,,2017-11-23 10:35:44,cac9 7857 24a7 aagf 4614 7557 ce79 2b1b 5867 7834 fafa ddcc,
1464,0,,,2017-11-23 10:36:15,999a 6756 7f2a afag 6114 5577 f9ff 14b4 6778 4486 ggag cfcf,
1465,0,,,2017-11-23 10:36:15,c99a 6685 f2a7 afaf 6616 5555 9ee7 b212 7777 6336 faaa cffe,
1466,0,,,2017-11-23 10:36:15,9caa 6668 27a4 f9af 4116 5557 cdf9 242b 5687 3884 agaa ddfe,
1469,0,,,2017-11-23 10:37:02,ca9a 8757 4a77 g9ga 6111 5575 c7cd 1277 7688 6676 aggg ecce,
1471,0,,,2017-11-23 10:37:35,9aaa 6868 4faa g9gf 4414 5555 cc77 4772 6687 7884 ggff cfef,
1472,0,,,2017-11-23 10:38:33,ca9c 5866 f277 99gf 6411 5577 dfce 277b 5667 7443 a9ga fddc,
1473,0,,,2017-11-23 10:38:33,ca9a 8886 4aa4 faag 6664 7577 7dc7 424b 5677 8688 9gga dcfd,
1474,0,,,2017-11-23 10:38:33,9aca 7587 2a22 f9gg 1664 7757 f97e 4112 8787 6438 a9fa ddde,
1475,0,,,2017-11-23 10:38:33,9cc9 7867 74a4 g9fa 4111 5777 ccee 1b72 5787 6446 gffg cfcf,
1476,0,,,2017-11-23 10:38:33,ccc9 5756 472a f9ag 6446 5557 d7ef 2274 8678 7644 ggag fcff,
1478,0,,,2017-11-23 10:38:38,aa99 8688 a274 9fgg 4461 7575 effe 441b 8767 7366 afaf eeed,
1479,0,,,2017-11-23 10:38:38,a999 6867 7f4a afaa 6414 5755 fdfd 4441 5887 3378 f9fa ddcc,
1481,0,,,2017-11-23 10:38:58,acc9 5667 4f42 9aga 1146 5775 cefd 4172 8888 3666 a9gg cfcc,
1483,0,,,2017-11-23 10:39:21,caaa 5887 faff agag 1446 7555 fc9e 4744 7677 3474 gaaa edfd,
1484,0,,,2017-11-23 10:39:21,acaa 5568 24f2 9afg 4466 5555 dfff 4477 7678 6878 g9ga edff,
1485,0,,,2017-11-23 10:39:33,9999 7687 4427 fffa 4116 7575 7dcd 7741 7887 8478 afga ddee,
1486,0,,,2017-11-23 10:39:46,a9ca 6755 f42a g9ga 1616 5777 efd7 774b 7787 7386 fffa fdfc,
1487,0,,,2017-11-23 10:39:46,99ca 7666 77a4 fggf 6616 7775 dccd b741 5688 6836 9gag fefd,
1488,0,,,2017-11-23 10:40:42,9cc9 7687 7ff2 g9gf 1161 5577 cfef 2444 8667 7646 aaag fedc,
1490,0,,,2017-11-23 10:40:42,a9aa 6665 42a2 fffg 6464 7557 7fd7 2471 7677 4648 fffa efed,
1494,0,,,2017-11-23 10:41:12,aaaa 7887 724f agaa 1144 5755 dcd7 bb72 6887 4684 9agg eefe,
1496,0,,,2017-11-23 10:41:37,ca9c 7788 2aff agfa 6666 7755 de79 1222 8667 6344 ffgg efdc,
1497,0,,,2017-11-23 10:41:37,c99a 5586 fa47 faga 4411 5557 ef9f 7247 8878 8648 a9aa fcef,
1501,0,,,2017-11-23 10:42:13,cc9c 6788 4af7 fagg 1614 7575 eccd 1b74 6688 3684 ffff cfdf,
1502,0,,,2017-11-23 10:42:13,ccaa 5556 ff4f g9fa 6666 7557 9cd9 11b4 6867 8368 gffa eecf,
1503,0,,,2017-11-23 10:42:52,ccc9 6766 4a77 gfaa 6166 5777 9f99 1722 7688 8666 9gag fdce,
1504,0,,,2017-11-23 10:42:52,ccac 6557 7222 a9gf 1114 7757 9f77 b727 5668 8833 faff fffc,
1505,0,,,2017-11-23 10:42:52,cc9c 5786 4422 9ggf 6661 7577 e7dd 7221 6768 8388 9afg fdee,
1506,0,,,2017-11-23 10:42:54,aa9a 6888 f722 ggfg 4646 5775 ede7 bb27 7877 3736 9ggf fdfc,
1507,0,,,2017-11-23 10:44:01,aca9 8568 aa7a f9ga 1666 7777 97dd b172 7687 6433 aaga cedf,
1508,0,,,2017-11-23 10:44:01,caa9 6676 77fa faga 1141 5557 f99e 2b7b 8888 4833 g9ag ccfd,
1509,0,,,2017-11-23 10:44:01,a99c 5785 f774 aaag 1466 7777 f7c9 2111 8887 8743 aaaf dfdd,
1510,0,,,2017-11-23 10:44:01,ccaa 8855 24af gfaf 6464 5555 7df9 121b 7867 3384 gaag ddce,
1511,0,,,2017-11-23 10:44:01,a999 6565 2af2 9afg 4164 7775 cdf7 27bb 6688 4448 faaa fffe,
1512,0,,,2017-11-23 10:44:01,9ca9 8778 a27f 99fg 1646 7555 7fdd 2414 5877 7434 9fff ddfe,
1513,0,,,2017-11-23 10:44:07,acc9 5778 fff2 f9fg 4446 7757 799e bb41 7777 7333 agga eede,
1514,0,,,2017-11-23 10:45:17,ac9c 7676 2a44 agfa 1646 5555 cd77 124b 5878 7834 ffgg efec,
1515,0,,,2017-11-23 10:45:17,ccac 5667 422a 9ggg 4111 5777 d79f 7227 8887 4688 a9ag feed,
1516,0,,,2017-11-23 10:45:17,c99c 5887 afa4 aaag 1414 7577 7fc9 1774 7688 7483 gfff ceec,
1517,0,,,2017-11-23 10:45:17,a99a 7686 aa72 gafa 6166 5575 cc79 b172 7767 3846 fafg dded,
1518,0,,,2017-11-23 10:45:17,a9a9 7566 4f4a 9aaf 6664 5555 dc9d 4114 5667 8883 9gaf ccec,
1519,0,,,2017-11-23 10:45:17,9ccc 6587 4a44 gggf 1611 5575 fe77 7172 7678 7873 gfgf edef,
1520,0,,,2017-11-23 10:45:17,9ca9 8756 44f7 gfff 4464 7577 77f9 14bb 8878 7874 99fg cccd,
1521,0,,,2017-11-23 10:45:42,cacc 7757 22f2 99ff 6614 7555 fd97 4412 6788 3744 fggf ccfd,
1522,0,,,2017-11-23 10:45:42,c9a9 7887 27f2 afaa 6461 7775 f7ed 4741 5877 7478 afff fffd,
1523,0,,,2017-11-23 10:47:52,aacc 5668 7faa 9ffa 1644 5755 fddd b14b 8667 3634 afff ceed,
1524,0,,,2017-11-23 10:48:22,aaaa 7875 4f47 9aaa 6616 5577 d7ce b14b 7767 4863 f9gf eede,
1525,0,,,2017-11-23 10:48:55,cc99 7787 fa2a aaaa 6641 5577 cfdf 17b1 5788 8478 gfag ecdc,
1526,0,,,2017-11-23 10:48:55,aa9a 7677 422a g9aa 6144 7557 e9e7 4272 6667 8334 afgg edfc,
1527,0,,,2017-11-23 10:48:55,a9aa 6586 a42f g9fa 1411 7577 e9ef b127 5767 8438 99gf cdde,
1528,0,,,2017-11-23 10:48:55,caaa 8867 a722 a9gg 6166 7557 d9fd 7112 7888 4464 9ggf cdfc,
1529,0,,,2017-11-23 10:48:55,cc9c 6585 777a 9fga 6141 5575 7cee 272b 6687 3633 99fg ddcd,
1530,0,,,2017-11-23 10:48:55,ac9a 5867 af77 afff 6444 5775 7ee9 b221 5687 8466 fggg dfef,
1531,0,,,2017-11-23 10:48:55,aac9 6558 a222 aaaa 4616 5757 eec9 1211 7677 7433 9agf cccd,
1532,0,,,2017-11-23 10:48:55,cca9 7578 7a27 aaaa 6644 7557 7dff 41b4 8787 7884 f9gf efde,
1533,0,,,2017-11-23 10:48:55,9aaa 6866 2f22 ggaf 1446 7777 cfed b471 8868 8844 agaa dedd,
1534,0,,,2017-11-23 10:48:55,aaa9 6668 a2f7 fgag 1144 5757 ef7d 7b4b 8878 4878 aafa feed,
1535,0,,,2017-11-23 10:48:55,99cc 5885 2ff4 afgg 6166 7557 dc9d 4b27 8678 6866 ffag fffd,
1536,0,,,2017-11-23 10:48:55,ac9a 8567 7f22 ggfg 4411 7575 ed79 b474 8788 4364 ffga dfdf,
1537,0,,,2017-11-23 10:48:55,cc9a 7657 77a7 aaaf 6116 5755 9e7d 4174 7877 8773 g9ff cfed,
1538,0,,,2017-11-23 10:48:55,9999 5776 2f7a fggf 6141 5555 cdc7 41bb 8778 7678 gffa efcf,
1539,0,,,2017-11-23 10:48:55,ccaa 5786 a72f 9gaa 4464 7775 79f7 1271 8767 4448 a9ff ffcf,
1540,0,,,2017-11-23 10:48:55,9aaa 5857 7a4a a9fg 6116 5755 fdfd 7242 7778 8664 aaaf efcd,
1541,0,,,2017-11-23 10:48:55,a9a9 7568 a47a aafa 4114 7555 9f7e 4127 5778 3443 99ga dfce,
1542,0,,,2017-11-23 10:48:55,9ca9 5875 f727 gaag 1144 5755 cdee 272b 6768 8378 fgfg cfcd,
1543,0,,,2017-11-23 10:49:31,caca 8675 247a aafg 1641 7575 99f9 422b 5667 7443 f9gf ceef,
1544,0,,,2017-11-23 10:52:53,aaa9 5578 f774 aagf 6411 5557 cd9d 1271 8888 8433 faga fdfc,
1545,0,,,2017-11-23 10:52:53,c99a 8766 2a42 ffag 1666 7755 97f7 1472 8878 3664 ggff cddc,
1546,0,,,2017-11-23 10:52:53,aaca 6776 72a2 afff 4161 7557 cfcf 7472 7887 7744 fgag dfcc,
1547,0,,,2017-11-23 10:52:53,cac9 5675 f247 99af 4116 5557 ffdd 4271 7787 7488 99ag fffc,
1548,0,,,2017-11-23 10:52:53,ca99 6556 44af fgag 4166 5575 cfff 2b12 8678 4468 a9af dfcd,
1549,0,,,2017-11-23 10:52:53,99aa 8588 47aa aaff 1411 7557 ce9f 21bb 8868 8384 afaf fded,
1550,0,,,2017-11-23 10:52:53,accc 6858 247f a9fa 6416 5575 c7f9 1717 6768 8674 9ffg effc,
1551,0,,,2017-11-23 10:52:53,ccc9 5685 2af7 afgf 4614 5555 fecf 2177 6778 6368 9ggg dfde,
1552,0,,,2017-11-23 10:52:53,99cc 8888 7a7f ggff 4116 7757 cdc9 b224 6767 7333 9aaf efdf,
1553,0,,,2017-11-23 10:52:53,cc99 6767 fa27 f9aa 1664 5575 dfd7 4b21 8878 3644 f9ga eeee,
1554,0,,,2017-11-23 10:52:53,a99c 7785 27f2 gggf 6116 5575 979d 4427 6888 6784 g9fg cdef,
1555,0,,,2017-11-23 10:52:53,aa9a 8575 472f 9gaf 4611 5777 f7dd b2b2 8767 4444 99fa dcfc,
1556,0,,,2017-11-23 10:52:53,aa99 8676 47ff 9fag 6664 5775 f97e 4244 8887 8668 fafa ccde,
1557,0,,,2017-11-23 10:52:53,aaac 5755 4a77 g9gf 1144 7575 e79d 1bb7 6678 6836 9afa dced,
1558,0,,,2017-11-23 10:53:22,99c9 8588 2faa a9fa 1461 7575 7f9e b714 5768 7474 f9ag ceef,
1559,0,,,2017-11-23 10:53:22,9c99 7576 4724 ggfg 6116 5575 79ce 7774 8878 3744 a9ff efff,
1560,0,,,2017-11-23 10:53:22,999a 8686 4a7a fffg 1611 7575 c99f 2b22 7787 4486 9aaf eecf,
1561,0,,,2017-11-23 10:53:22,ac9a 6665 f7a2 9gfg 1641 7757 f7cd 4b11 7767 3343 agga fcdd,
1562,0,,,2017-11-23 10:53:22,ca99 5757 77f4 fggf 4616 7777 cd9f 221b 5888 3383 gggf efdf,
1563,0,,,2017-11-23 10:53:22,c99a 6788 ffaf a9fa 6141 7755 77ff 774b 7677 3338 fagg ffed,
1564,0,,,2017-11-23 10:53:22,c999 5765 fa77 gggf 1116 5575 cfcf 4774 8787 3686 a9gf ddfc,
1565,0,,,2017-11-23 10:53:22,a999 5568 7242 faff 1141 5555 e7d9 7b12 6687 7378 affg fccc,
1566,0,,,2017-11-23 10:53:22,9aa9 8867 fa42 gfag 4616 7577 cced 2b14 5787 6746 ffag eede,
1567,0,,,2017-11-23 10:53:47,9ca9 5667 f747 9gaf 4611 5777 9ee7 1421 8878 6686 g9ga cfce,
1568,0,,,2017-11-23 10:54:42,c9ac 6685 42af a9fg 4144 7777 cf79 7224 7787 4386 fgag fefc,
1569,0,,,2017-11-23 10:54:42,ac99 6688 2222 9agg 6446 7577 9edd b4b4 7767 3683 fgaa fcfd,
1570,0,,,2017-11-23 10:54:42,ca99 8855 7a2f faag 6146 7555 d9df 2122 5677 3444 9ffg defc,
1571,0,,,2017-11-23 10:54:42,aa99 8688 aaa4 9aag 4411 5757 97c9 b244 7678 3373 a9fa edde,
1572,0,,,2017-11-23 10:54:42,9cac 6777 7af7 fafg 4616 5575 9cff 2144 8777 7884 aaaa fece,
1573,0,,,2017-11-23 10:54:42,ca99 7565 f722 g9fa 1411 5775 979e 4b11 5677 7866 agfg dfcd,
1574,0,,,2017-11-23 10:54:42,a99a 7667 7447 a9fa 1146 7555 797f 1112 6668 3788 9faf ddcc,
1575,0,,,2017-11-23 10:54:42,c9ac 7585 ff74 9gfg 1111 5777 c99e 1277 5678 6776 aaff fffc,
1576,0,,,2017-11-23 10:54:42,a99c 6577 44f2 9agf 6666 7775 e7f9 7744 7768 8444 9gff ecff,
1577,0,,,2017-11-23 10:54:48,9ca9 6678 f777 gfgf 4641 7775 cd77 722b 6768 7344 fggf defd,
1578,0,,,2017-11-23 10:55:27,acac 6687 2f47 9fff 6641 5555 d99d 4b44 5677 3464 gfgg efdf,
1579,0,,,2017-11-23 10:55:27,c9c9 6658 4ff2 aggf 4446 5777 c7f7 7b17 7887 8683 9afg ddde,
1580,0,,,2017-11-23 10:55:27,ccac 6685 742a fffg 4144 7557 9cc7 2127 6767 4868 f9fa cede,
1581,0,,,2017-11-23 10:55:27,cacc 5757 ffaf 99fa 4464 7577 f7ef 2114 8687 4746 gfga deed,
1582,0,,,2017-11-23 10:56:26,cccc 8588 47aa g9gg 6464 7577 c7ce b7bb 6878 7888 9aag dfed,
1583,0,,,2017-11-23 10:56:26,99aa 6565 47a4 a9fa 1466 5555 fe79 2772 7878 8866 gfga fefc,
1584,0,,,2017-11-23 10:56:26,9cca 7778 2222 ggaf 4144 7777 d7df 1747 7888 6746 fagf eddd,
1585,0,,,2017-11-23 10:56:26,ccaa 7888 af44 faag 4666 7775 7cd7 4422 6887 3673 a9ag ccce,
1586,0,,,2017-11-23 10:56:26,9a9a 8767 4aa2 9fgg 4161 5755 c9cd 7412 8777 8844 ggfg dece,
1587,0,,,2017-11-23 10:57:52,9cca 5675 2faa fafa 6164 7755 cf99 4bb2 5868 7783 ggaf ccdf,
1588,0,,,2017-11-23 10:57:52,9a9a 6767 4427 ggff 1646 5757 c977 2b44 8667 6888 gaaf cdee,
1589,0,,,2017-11-23 10:57:52,cacc 8577 7474 fgaa 4161 7557 cfee 4b44 7778 6638 gafa fcff,
1590,0,,,2017-11-23 10:57:52,aaaa 6785 aff7 ffga 4646 5555 cd7f 7211 8768 6838 ggff ccfe,
1591,0,,,2017-11-23 10:57:52,9aa9 5786 772a ggff 6661 7555 ff77 b741 6778 7344 9fag dcec,
1592,0,,,2017-11-23 10:57:52,cccc 5888 fa72 9afg 1641 5575 79ce 27b7 8687 6664 gaff cfdd,
1593,0,,,2017-11-23 10:57:52,caa9 6585 fa24 fffg 6161 5557 7e99 4747 7877 8476 aaga dfee,
1594,0,,,2017-11-23 10:57:52,9999 7865 f2f4 gafg 1416 5577 d9ce bb22 8888 8376 fgfg feff,
1595,0,,,2017-11-23 10:57:52,c9ca 8755 2f7a fagf 4414 7775 9eee bbb4 6788 7788 fggf cffd,
1596,0,,,2017-11-23 10:57:57,c99c 7765 422a 99fg 6166 7755 99cf b24b 5888 3843 ffgf fdde,
1597,0,,,2017-11-23 10:58:06,acac 7668 4a74 f9aa 1111 5755 dee9 2111 8888 6866 ffgf cffc,
1598,0,,,2017-11-23 10:58:15,a9aa 5877 7aa7 g9fg 6146 7775 77d9 2b44 6777 6633 gfga ecfd,
1599,0,,,2017-11-23 10:58:59,a9ac 6777 4222 gafa 4611 5575 cdef b272 6787 4766 f9gf cece,
1600,0,,,2017-11-23 10:58:59,caac 7888 22af 9gaf 4664 5557 7f7e 4214 5768 7334 9fff fffc,
1601,0,,,2017-11-23 10:58:59,a9aa 7858 472f aggf 6414 5555 7fce b1bb 6677 4466 9agg eefc,
1602,0,,,2017-11-23 10:58:59,caca 8656 4f2a fgfa 1416 5757 7ef9 2772 6677 7478 ffag eddf,
1603,0,,,2017-11-23 10:59:14,a9c9 8758 7227 gfag 1666 5777 ddcd b222 8888 8633 9ggg cddf,
1604,0,,,2017-11-23 10:59:14,99ac 8887 7ff2 9afg 1146 5575 79e7 bb44 8788 6763 gagg edce,
1605,0,,,2017-11-23 11:00:10,caca 6786 4a47 fagg 6444 5557 dfff 2b72 5668 8874 a9gg edfe,
1606,0,,,2017-11-23 11:00:10,9cca 7866 a47f a9ga 6444 7577 c9d7 214b 5888 6876 gaaa eced,
1607,0,,,2017-11-23 11:00:10,c99a 8866 7a27 gggf 1461 5555 99e7 b7b1 6677 3434 fagg cfcc,
1608,0,,,2017-11-23 11:00:10,9cac 5867 7f74 affg 4141 5755 ec7e 1471 8867 4744 g9aa cede,
1609,0,,,2017-11-23 11:00:10,9cc9 5566 24a4 fffg 4144 5777 c9de 7b14 6687 7343 9ffg ecee,
1610,0,,,2017-11-23 11:00:15,a9ca 5887 a272 aaaa 1666 5555 7fed 7bb7 8868 3338 fagg eeee,
1611,0,,,2017-11-23 11:00:55,9c9a 7878 7f27 99ff 6446 7777 ccc7 7241 8777 7636 99fg ffce,
1612,0,,,2017-11-23 11:00:55,a9a9 6575 444a a9gg 1144 7755 f7f9 4b12 6687 4834 9fgg ceed,
1613,0,,,2017-11-23 11:00:55,c9aa 5666 f2a4 9ggg 4446 5577 9fd9 71bb 6768 8368 f9ag ccfd,
1614,0,,,2017-11-23 11:00:55,accc 5656 2a74 f9ga 6414 7577 777f 11b1 7668 7374 faaa dcce,
1615,0,,,2017-11-23 11:01:04,9ac9 6678 ffaf afaa 4464 7555 9c9d 2414 7877 3644 gfgf decd,
1616,0,,,2017-11-23 11:01:20,9caa 8755 ffaf 9gga 6111 7775 9ded 747b 7788 4733 faag dece,
1617,0,,,2017-11-23 11:02:06,c9c9 8775 f72a 99aa 4414 7577 edde b271 6768 4364 f9fa cefc,
1618,0,,,2017-11-23 11:02:06,9ca9 8768 f7ff g9fg 4144 5555 7ccd 72b1 8868 6733 g9ga ccdd,
1619,0,,,2017-11-23 11:02:06,cca9 8588 744f ffgf 6461 7577 df7f bb14 7677 4444 9ggf eddd,
1620,0,,,2017-11-23 11:02:06,9cac 8675 a42a ggff 4611 7777 cf9e b2b7 7778 8763 g9af cddf,
1621,0,,,2017-11-23 11:02:06,aaaa 5785 427f fggg 4461 5777 79cd 42b7 5887 8764 ffaa dfdd,
1622,0,,,2017-11-23 11:02:24,999c 8868 4f4f aaff 6441 5575 cdcf 2bbb 8878 7374 g9ff dcce,
1623,0,,,2017-11-23 11:02:24,9cc9 8558 274f g9ag 4111 7555 ecdf 4b47 7687 4334 afgg efcd,
1624,0,,,2017-11-23 11:02:38,9999 6858 7a72 f9fg 1164 5757 ecfd 4b7b 7778 8766 99ag cdcf,
1625,0,,,2017-11-23 11:03:25,9ccc 6866 772f gfaa 6111 5775 9779 72bb 5768 3644 f9af dcdc,
1626,0,,,2017-11-23 11:03:25,cc9c 5767 2f42 ffgg 1141 5555 77c9 2277 5788 6338 gafg fefe,
1627,0,,,2017-11-23 11:03:25,9a9c 8567 f774 agga 6411 7577 7ded 22b4 8667 7483 99ag ecdc,
1628,0,,,2017-11-23 11:03:25,99cc 5587 247a 9fgf 1141 7555 7e9e 4224 6678 8663 fggf ccdd,
1629,0,,,2017-11-23 11:03:25,cc99 5556 2f4f afff 4161 5557 ecd7 7b12 7778 3788 ffag fdcd,
1630,0,,,2017-11-23 11:03:48,cac9 8655 a722 99gg 1114 7555 79d9 7427 7767 8488 afgg efec,
1631,0,,,2017-11-23 11:03:48,caa9 8568 74a4 agff 4614 7775 fd7f 1424 5787 6638 9aaa fdfd,
1632,0,,,2017-11-23 11:03:53,ccca 8887 4af4 99aa 4664 7757 77ce 14b4 5877 6438 aaga ceec,
1633,0,,,2017-11-23 11:04:34,ac99 8555 424f 9fag 6661 5775 d99f 4b7b 8787 3784 fggg feef,
1634,0,,,2017-11-23 11:04:34,acaa 6578 f772 99fa 1666 5555 cff9 b71b 7777 4863 99ag cede,
1635,0,,,2017-11-23 11:04:34,9cac 6778 227f f9ga 6141 5575 fff7 1144 6778 4848 a9ag effe,
1636,0,,,2017-11-23 11:04:34,99aa 6868 a2ff agag 4646 7575 d77d 7b27 7778 3666 fgaa edec,
1637,0,,,2017-11-23 11:04:49,9c9c 6568 42f7 afgg 4664 7555 7eef 417b 5767 3444 9aga edce,
1638,0,,,2017-11-23 11:05:15,caca 6556 2474 g9gg 4614 7757 97ef bbb2 5768 6763 aaaa eeec,
1639,0,,,2017-11-23 11:05:15,9ccc 8857 444a 9aff 4416 7757 e7f9 4741 8888 7663 aaag ceec,
1640,0,,,2017-11-23 11:05:15,aa9c 6878 faff 99gf 6666 5575 ce9d 2127 5878 8768 99af dced,
1641,0,,,2017-11-23 11:05:29,9aac 6568 2aaf gaga 1116 5555 7fef 447b 8667 4686 a9fg feee,
1642,0,,,2017-11-23 11:05:49,aaa9 6575 2474 9ggg 6161 5755 efd9 4741 6677 3786 afaa eedc,
1643,0,,,2017-11-23 11:05:49,cccc 6557 24af fafg 1614 5757 f9ee 4777 6887 6384 afaa cdde,
1644,0,,,2017-11-23 11:05:56,ac99 8755 7aa7 ffgg 6141 7555 ff7d b727 8787 7838 ffga fded,
1645,0,,,2017-11-23 11:08:13,caac 8868 7af2 ggfa 4441 5575 f97e 1777 6688 7874 g9af dcee,
1646,0,,,2017-11-23 11:08:13,a99a 8787 f724 fffg 4161 5575 97ce b247 6768 6333 ffaa fded,
1647,0,,,2017-11-23 11:08:13,9aca 6756 4742 fgga 6661 5777 cd77 b274 7867 7874 99ff cefe,
1648,0,,,2017-11-23 11:08:27,acaa 6678 f277 gaag 1146 7775 fed9 b7b7 6788 3634 9ffa efed,
1649,0,,,2017-11-23 11:08:27,caaa 8758 2f2a fgaf 1416 7757 de79 1277 6677 4388 g9af fedc,
1650,0,,,2017-11-23 11:08:27,aacc 5676 2fa7 a9af 1441 7557 7d7f b474 8868 3633 9faa eccd,
1651,0,,,2017-11-23 11:08:27,9acc 5768 2f7a gaag 4664 7755 7ff7 714b 8878 4368 9faf cccc,
1652,0,,,2017-11-23 11:08:27,a9ac 7675 fa42 afgf 4441 5777 9d77 4b17 5768 3788 gaaa cded,
1653,0,,,2017-11-23 11:08:27,aa9a 8758 a22f gffg 4116 7555 cf77 4771 5788 7766 99aa dcec,
1654,0,,,2017-11-23 11:08:27,a9ca 8566 4aa2 ggaa 1164 5557 d9f7 b44b 5887 8433 a9ff dfdd,
1655,0,,,2017-11-23 11:08:27,ac99 8585 47f2 ffaf 6116 7577 9d9d b22b 6777 7638 9gga eecc,
1656,0,,,2017-11-23 11:08:27,aa9c 7857 a72f g9ff 4666 7557 9d9e 247b 8777 8486 aafa ceee,
1657,0,,,2017-11-23 11:08:27,accc 6866 74f7 f9ga 4166 5755 f9dd 247b 8887 8883 9aga eedf,
1658,0,,,2017-11-23 11:08:27,acca 7676 7aa4 aggg 6466 7577 efd7 7b42 5678 4474 fggg decd,
1659,0,,,2017-11-23 11:08:27,aca9 6875 4ffa gagg 4616 7777 7c99 7172 8688 6474 9fgg eced,
1660,0,,,2017-11-23 11:14:25,aaac 8875 7af7 fgag 1661 7575 dccd b177 6877 4838 affg ffcd,
1661,0,,,2017-11-23 11:14:25,accc 7658 a747 ggfg 4444 7757 7999 74b1 6788 7836 9fff ccff,
1662,0,,,2017-11-23 11:14:25,99ac 5785 a247 9faa 6161 7777 79c7 b447 8778 3864 f9gg fffc,
1663,0,,,2017-11-23 11:14:25,99a9 7757 a4f4 afgf 6616 7757 79d9 471b 8667 6768 fggf fffe,
1664,0,,,2017-11-23 11:14:25,99aa 6567 277f agfa 6441 5577 ce9e 4b27 7668 7743 fgff ecec,
1665,0,,,2017-11-23 11:14:25,c99a 8778 72f2 g9gf 1444 7557 ffd9 211b 7678 6746 9aaa cfcd,
1666,0,,,2017-11-23 11:14:25,accc 6877 2727 faga 1644 5577 ee79 b121 8787 3643 afff ecfd,
1667,0,,,2017-11-23 11:14:25,ca9c 5888 afaf 9gag 1666 5577 def7 1147 5788 7763 gfgf dede,
1668,0,,,2017-11-23 11:14:25,caca 8755 af7f a9aa 6146 7757 7997 2b7b 5768 6873 ffff deef,
1669,0,,,2017-11-23 11:14:25,c9a9 7855 f4af 9gfg 4166 7777 9ef7 7417 7768 4836 99ff ceed,
1670,0,,,2017-11-23 11:14:25,aa9a 5587 4444 ffaf 6661 7575 dfd7 1bb2 6888 4733 f9af ddcc,
1671,0,,,2017-11-23 11:14:25,cc99 5576 7fa2 gaaa 1116 5775 ddc9 12b4 8677 7874 9faa efef,
1672,0,,,2017-11-23 11:14:25,caaa 6666 24a7 ffaf 1611 7557 977e 2211 8877 3633 gfaf dfdd,
1673,0,,,2017-11-23 11:14:25,cc99 5766 ff72 9ffa 1416 5777 c7c9 7417 5677 6483 faff deef,
1674,0,,,2017-11-23 11:14:25,ca99 6686 2a42 g9ga 1441 7775 dced 144b 5687 4343 gaga deed,
1675,0,,,2017-11-23 11:14:25,c999 8665 a22a aaaa 1116 7757 7cff b114 8688 4433 gffg cfee,
1676,0,,,2017-11-23 11:14:25,ac9a 5576 4a2f ffgg 4641 7775 fed7 2727 6877 7786 g9gg fcec,
1677,0,,,2017-11-23 11:14:25,acac 8688 4224 gagf 4141 5757 ddcf 11b2 5868 4863 fgag fddd,
1678,0,,,2017-11-23 11:14:25,9aaa 7886 4422 99ff 4666 5755 9d79 1711 8687 7743 9fag dedf,
1679,0,,,2017-11-23 11:14:25,9c99 6777 7274 99ag 4641 7557 7e9d b247 6888 6888 ggaf dfee,
1680,0,,,2017-11-23 11:14:25,accc 5576 442a fgff 4146 5757 ddd9 24b1 8688 3364 afaf cfdd,
1681,0,,,2017-11-23 11:14:25,a9ac 6656 747a faaf 4141 5755 e7e7 bb21 6688 7864 9agg dede,
1682,0,,,2017-11-23 11:14:25,9aaa 6666 a422 99ff 1164 7755 fe9d 7171 5678 4746 ffaa ffdf,
1683,0,,,2017-11-23 11:14:25,cac9 6658 4774 afgf 4616 5775 c9d7 b74b 7787 3378 aaff edce,
1684,0,,,2017-11-23 11:14:25,9a9c 8676 a4f7 aafa 6414 7775 799e 74b7 7767 8773 faaa fdff,
1685,0,,,2017-11-23 11:14:30,ccac 8765 7a74 fafa 4141 5557 d7cd b711 8868 4843 fafa edfc,
1686,0,,,2017-11-23 11:14:30,a999 7866 77fa g9gf 1444 5775 7d77 b2b1 7687 7386 fgaa dcdf,
1687,0,,,2017-11-23 11:14:30,aa99 6577 af2f 9fag 4146 7757 79ed 4121 7867 8388 a9fa fcde,
1688,0,,,2017-11-23 11:14:30,9a9c 8776 f42a 9ggg 6166 5777 7cdf bb14 8667 4666 agff fefd,
1689,0,,,2017-11-23 11:14:30,a9a9 5587 f444 9afa 4661 7557 d97d 1472 8778 8866 9fgf ccdf,
1690,0,,,2017-11-23 11:14:30,ca9c 5887 4fff 99ag 1464 7555 c97e 2217 8687 8466 9agg fefd,
1691,0,,,2017-11-23 11:14:30,cc9c 8755 f444 fafg 6614 7757 e7dd 1127 6688 7876 fgga ffdd,
1692,0,,,2017-11-23 11:14:30,accc 8857 7fa4 f9fg 4466 5775 ccff 17b4 7787 8764 ffgg dddc,
1693,0,,,2017-11-23 11:15:06,ca99 8578 7f77 fagg 6444 7757 ce77 47b2 6687 3848 faaf fddf,
1694,0,,,2017-11-23 11:15:06,9a99 6668 a2f2 faga 1664 7775 97dd 4441 5768 3383 ffaa efdf,
1695,0,,,2017-11-23 11:15:06,cacc 6566 afa7 f9gf 6611 7557 7779 b714 7767 7866 fffa cefe,
1696,0,,,2017-11-23 11:15:06,aac9 5558 442f f9gf 6444 7555 d7cd 2272 8768 3486 gaaa dcde,
1697,0,,,2017-11-23 11:15:06,cac9 7667 f7a2 f9aa 1661 5777 dec9 b741 5767 4848 gaga eccf,
1698,0,,,2017-11-23 11:15:06,ca9c 8766 277f fagf 4144 5755 f99f 4247 8677 8363 affg effd,
1699,0,,,2017-11-23 11:16:09,cc99 7665 a42a gaaf 6141 5577 7c9d b744 5887 6363 ggaf ffee,
1700,0,,,2017-11-23 11:16:09,9ccc 6887 4427 fafg 4144 7557 fed7 b277 8777 6486 agag dfdc,
1701,0,,,2017-11-23 11:18:36,aca9 7567 f27f 9gaa 1644 5555 ecc7 4277 7668 8846 9ggf edff,
1702,0,,,2017-11-23 11:18:36,9ca9 6888 4fff f9ag 6616 7577 7fef 141b 8877 7644 g9aa ffcd,
1703,0,,,2017-11-23 11:18:36,ccca 6785 f72f 99fg 1414 7757 cee7 b447 7767 4774 faaa ceee,
1704,0,,,2017-11-23 11:18:36,999a 7866 a42a fgff 1614 7777 ef9d 7b24 8687 3443 9aga cdfe,
1705,0,,,2017-11-23 11:18:36,a99a 7767 f477 a9fa 1466 5775 ddd9 7711 7887 8733 faaa ccfe,
1706,0,,,2017-11-23 11:19:06,c999 6668 f7af fggf 6646 5777 9fcd 4444 7878 3433 gafg fdef,
1707,0,,,2017-11-23 11:19:06,a9cc 5766 a777 gffa 1141 7557 979d 72b7 5887 6346 a9fg efee,
1708,0,,,2017-11-23 11:19:06,ccac 7788 2a74 agga 6111 5577 d7ed 2727 8877 7746 agfg dcee,
1709,0,,,2017-11-23 11:19:06,99ca 7865 27af a9gg 1416 7775 99ef b122 5787 8488 f9fa cced,
1710,0,,,2017-11-23 11:19:06,999c 6868 af4a g9af 1111 5757 def9 7411 8778 3864 a9ff fefd,
1711,0,,,2017-11-23 11:19:49,a99a 5558 a22a aagg 6666 7755 7fff b427 6888 7768 9fga ccdd,
1712,0,,,2017-11-23 11:21:42,9a9a 6855 44f7 9agf 4646 7557 9ced 7b47 6767 6884 9aga cfdd,
1713,0,,,2017-11-23 11:21:55,caaa 5668 222f ffag 4464 5557 fe9f 71b7 7867 8784 99ag ddce,
1714,0,,,2017-11-23 11:21:55,aacc 5776 f7a4 aafa 6111 7757 ecef 2741 7678 8888 9fga ddec,
1715,0,,,2017-11-23 11:21:55,ccc9 5577 4f7a 99aa 1664 7755 7f9f 2712 5787 7776 9faa dcfe,
1716,0,,,2017-11-23 11:21:55,9ccc 5875 47f2 aggf 6664 5775 d7d9 4211 7687 7844 9fff cece,
1717,0,,,2017-11-23 11:21:55,c9ca 5788 aa2a 9fgg 4411 5575 ee9e b244 6668 7436 9gaa efee,
1718,0,,,2017-11-23 11:21:55,aaca 7755 2a47 agff 6111 5575 97df bb14 8688 3433 fgff fdce,
1719,0,,,2017-11-23 11:21:55,cc9c 5867 24f7 9gaa 4644 5775 f7fe 424b 8888 3866 gffa fccd,
1720,0,,,2017-11-23 11:21:55,acca 7768 4ff2 9afg 6414 7577 7e7f 4244 7877 4348 9aff fcde,
1721,0,,,2017-11-23 11:21:55,c9c9 6677 a7a7 aagg 4614 5755 7fce 2121 8668 7864 99gg fcfe,
1722,0,,,2017-11-23 11:21:55,9c9c 8685 af4a gagf 6464 7575 9e99 b2b4 5668 8388 g9af cdcf,
1723,0,,,2017-11-23 11:21:55,ca9a 8687 aa7a a9gf 4641 7577 99de 2171 8677 4874 9gga eeef,
1724,0,,,2017-11-23 11:21:55,ccc9 5666 7a7f f9ff 6614 7557 dd9e b22b 6788 8336 f9gg ceec,
1725,0,,,2017-11-23 11:21:55,aac9 5887 47ff 9gag 1114 7757 df9e b272 5768 7644 f9fg ddcf,
1726,0,,,2017-11-23 11:21:55,c9ac 6668 2444 99ga 1441 5575 9fd9 7217 6867 4384 a9ff dedf,
1727,0,,,2017-11-23 11:21:55,aa9a 8576 4242 aaag 6446 7555 df7d 1bb2 7867 6884 9fga dced,
1728,0,,,2017-11-23 11:21:55,a9ca 7856 fff7 afgg 4661 5555 f79f 1b22 6867 6478 9aaa efce,
1729,0,,,2017-11-23 11:21:55,caaa 7776 22a7 9agf 1644 7775 efcd 2b14 6777 7744 fgaf dcee,
1730,0,,,2017-11-23 11:21:55,c9cc 6858 2a47 gfag 1414 7575 ccdd 171b 7867 3678 fgfa ecfc,
1731,0,,,2017-11-23 11:21:55,c99a 6778 af4a aaaa 1414 5557 c7de 1171 6777 4768 fgff ecef,
1732,0,,,2017-11-23 11:21:55,c9cc 7577 f2aa affa 4666 7577 7cdf 7444 7767 3484 aaaa cddd,
1733,0,,,2017-11-23 11:21:55,ccac 5876 7472 99ff 1641 5555 edcd 2122 8878 7886 g9fa effe,
1734,0,,,2017-11-23 11:21:55,ca99 8666 aa7f aagg 1641 7557 e99f b72b 7678 4386 gfff feec,
1735,0,,,2017-11-23 11:21:55,ccaa 6778 74a2 9faa 6141 5575 9f77 2b27 5787 6846 gafg cefc,
1736,0,,,2017-11-23 11:21:55,a99a 6875 42a4 g9ff 4141 5575 ed7f 7411 8778 3876 gfag cdcc,
1737,0,,,2017-11-23 11:21:55,a9cc 6675 a2f4 9gaa 6661 7757 d99d 441b 6868 7746 aaag cffc,
1738,0,,,2017-11-23 11:21:55,9aac 7865 774f f9af 1111 7755 fe77 77b2 8777 4446 9aag cffc,
1739,0,,,2017-11-23 11:21:55,aa9c 8586 472a f9ag 4641 7577 c7df b2b4 8677 3636 f9gg fcde,
1740,0,,,2017-11-23 11:21:55,9c9a 7756 a7fa ggfg 4441 5577 eced b117 6677 6436 ffga fdfc,
1741,0,,,2017-11-23 11:22:05,9acc 7856 2fa7 g9gg 4446 5775 9dcf 427b 5778 3774 aaff fedd,
1742,0,,,2017-11-23 11:22:39,a9c9 6575 4a42 9gaf 6461 7757 ced7 b227 6688 4638 aggg edcf,
1743,0,,,2017-11-23 11:22:39,99aa 8856 ff72 9aaa 4611 7575 9fe9 477b 5687 6863 fgfg ccee,
1744,0,,,2017-11-23 11:22:39,99ac 6677 24af gfaa 6441 5775 77ff 12b1 7767 6646 9aga deee,
1745,0,,,2017-11-23 11:22:44,ca9a 8688 f424 9ffa 6416 7777 d99d 4411 6678 6664 9gga ddee,
1746,0,,,2017-11-23 11:23:38,a9ac 8756 27af aggf 1661 7575 ddc7 124b 5768 7883 affg effc,
1747,0,,,2017-11-23 11:24:00,ac99 8765 4774 99fa 1166 7757 ede9 4211 7878 6476 gfgg dccf,
1748,0,,,2017-11-23 11:24:13,acca 5876 77f4 9afg 4141 5557 9fc7 2214 5677 7676 9ffg dddf,
1749,0,,,2017-11-23 11:24:13,ccca 8855 4a7f 9fga 6141 7555 d999 274b 7768 4643 ffaa ddcd,
1750,0,,,2017-11-23 11:24:13,c999 6586 aa7f agag 6111 7575 ff9f 2b74 6887 4846 a9fg fcff,
1751,0,,,2017-11-23 11:24:13,9aac 7655 a47f agff 4466 7757 c97d 4224 8777 3463 ffgf dcfc,
1752,0,,,2017-11-23 11:24:13,a99c 7768 4ff7 afaf 1144 7555 ed7e 21b1 7867 8474 affg cfef,
1753,0,,,2017-11-23 11:24:13,caaa 8886 afaa gfga 4146 7755 9d99 2742 6867 3373 gggf ccfd,
1754,0,,,2017-11-23 11:24:13,99a9 6756 2f4a afgf 4666 7557 f7cd 7b17 8868 3734 f9ga cede,
1755,0,,,2017-11-23 11:27:32,999c 6766 f7a2 f9fg 1114 5557 97ed 77bb 5778 6644 faaa edef,
1756,0,,,2017-11-23 11:29:05,a9a9 7865 a247 gfga 6461 5555 d779 4147 7777 7786 agaa dfef,
1757,0,,,2017-11-23 11:29:07,acc9 6857 f72a afga 6416 5755 fcee 2247 5777 7433 9afa fefc,
1758,0,,,2017-11-23 11:29:07,9a9c 7668 4772 fgag 6611 5777 9dd7 12bb 5888 8363 9ggf dfec,
1759,0,,,2017-11-23 11:29:07,99a9 6756 272a gagg 4464 5777 eddf 2227 6677 6873 9fag feff,
1760,0,,,2017-11-23 11:29:07,aaa9 6786 fff2 aaga 1614 5575 c9e9 bb77 6677 3474 aggf eccc,
1761,0,,,2017-11-23 11:29:07,cca9 5875 2a42 ggag 6146 5577 eccd 4447 6787 6863 gfff dffc,
1762,0,,,2017-11-23 11:29:07,aacc 5665 42a2 f9fg 6661 5775 7779 27b2 8778 6474 ggfg cfdd,
1763,0,,,2017-11-23 11:29:07,aa9a 6685 2727 faaa 1164 7557 ef9f 4b11 6677 4834 faag dfcd,
1764,0,,,2017-11-23 11:29:07,cca9 8868 4a22 f9aa 1614 5555 de7e 1b11 6877 4786 g9fa efcc,
1765,0,,,2017-11-23 11:29:07,aca9 5885 f22f afaa 1144 5557 d97d 2bbb 6788 8848 affg fccf,
1766,0,,,2017-11-23 11:29:07,c99a 7878 f227 fggg 4116 5757 ccff b71b 6888 8483 99af cfcd,
1767,0,,,2017-11-23 11:29:07,9a9c 7765 44aa aaga 1661 5757 df7f 7412 8787 8833 gaaf fdee,
1768,0,,,2017-11-23 11:29:07,caa9 7666 fffa ggaf 1461 7777 fddd 7111 5788 8778 a9fg ffde,
1769,0,,,2017-11-23 11:29:07,9ac9 6587 7f27 g9ff 1641 5557 e7df bb72 7788 8868 f9ga dcfe,
1770,0,,,2017-11-23 11:29:07,9a99 6766 4faf fgga 6666 7757 7e7d 7b77 8777 3466 ffgf ffec,
1771,0,,,2017-11-23 11:29:07,9a9a 6887 2222 9ffg 4141 7555 9979 1174 6767 6684 99fg cecf,
1772,0,,,2017-11-23 11:29:07,9c99 6876 aa42 99aa 6461 7575 f7cd b471 7887 8448 99af dcee,
1773,0,,,2017-11-23 11:29:07,ca9a 6777 4472 9afg 1146 7775 7fe9 71b7 5887 3684 ggfg dccf,
1774,0,,,2017-11-23 11:29:07,9c99 8875 4f44 9gfa 6164 5757 c79e 1144 8868 6678 gafa eedf,
1775,0,,,2017-11-23 11:29:07,9a9a 5855 7a47 aafa 6141 5555 edce 7222 6768 3846 fgga ffcf,
1776,0,,,2017-11-23 11:29:07,9cc9 5855 7a22 g9fa 6461 7575 7e79 7b74 7677 8633 fgga cccc,
1777,0,,,2017-11-23 11:29:07,a9c9 5867 aa2a a9fa 1446 7777 ccdf 1214 5688 8866 agfa cfee,
1778,0,,,2017-11-23 11:29:07,accc 5587 a4ff ffaa 1661 5757 7dfe 27b2 7767 6343 gafa eccf,
1779,0,,,2017-11-23 11:29:07,ccca 6868 2f4a agfa 4441 7577 d79f 71bb 7867 3676 ggff cefc,
1780,0,,,2017-11-23 11:29:07,cc9c 7656 aaf2 9gaf 1614 7775 d97d 14b7 8677 8678 gafa fedd,
1781,0,,,2017-11-23 11:29:07,a99c 8666 a2a4 99ag 4464 7555 f9f9 1214 7668 4768 aafg cede,
1782,0,,,2017-11-23 11:29:07,c9cc 6765 272a afgg 4164 5775 7ccf 7144 7787 6684 9gaa feef,
1783,0,,,2017-11-23 11:29:07,aaca 7556 fa22 fggg 1141 5555 9f77 7472 6688 8366 gffg cdfd,
1784,0,,,2017-11-23 11:30:21,cccc 5866 f22a fgag 4464 5775 cdfe b242 7787 8363 ggaa cffd,
1785,0,,,2017-11-23 11:30:21,accc 6886 74af 9aaa 1616 5575 ef7f 144b 5877 6376 9fgg fcfe,
1786,0,,,2017-11-23 11:30:21,caa9 7888 24f7 gfaf 6116 5555 ff79 2b47 5867 4863 99aa efec,
1787,0,,,2017-11-23 11:30:36,aaaa 5588 7a47 afga 4646 7757 cdef 711b 5777 3673 9agg deff,
1788,0,,,2017-11-23 11:30:53,ac99 6758 744a 9gaa 6144 5575 e9f7 1142 8787 6386 aaaf ddfe,
1789,0,,,2017-11-23 11:30:53,9caa 7665 aff4 ffff 6664 7557 edf7 4714 7667 7886 agfa ddfe,
1790,0,,,2017-11-23 11:30:53,cccc 8678 ffff gafa 6164 7555 c7ff b4b1 8788 7746 f9gf eefc,
1791,0,,,2017-11-23 11:30:53,9cc9 5768 a7a2 aaff 4616 7557 e77e 1277 6677 3733 99fa cfcf,
1792,0,,,2017-11-23 11:30:53,a99c 5758 24a4 f9ag 6441 5577 e9cd 1177 5887 3783 afga fefe,
1793,0,,,2017-11-23 11:30:53,99ac 8678 afaf 9aaf 6444 7555 ffee b111 5778 4483 ffff dddd,
1794,0,,,2017-11-23 11:30:53,9c99 7867 477f gagf 6646 7555 dcdd 1b42 8867 6648 9agf fcdd,
1795,0,,,2017-11-23 11:31:12,a99c 8865 47a2 f9af 1114 7555 9e99 44b2 7867 7668 gggf ccfc,
1796,0,,,2017-11-23 11:31:24,ac9c 8586 aa2f g9fg 6164 7757 7fcd 2b21 6868 4488 aaga dddd,
1797,0,,,2017-11-23 11:31:24,cc99 8666 a777 gfgg 6141 7757 9f9d 24b2 8787 7468 gfga fcef,
1798,0,,,2017-11-23 11:31:47,acca 6567 4fff a9gf 6644 7775 ec7f 41b2 7677 4464 gggg ecdd,
1799,0,,,2017-11-23 11:31:47,c9ca 7856 aa27 ffgg 1641 5575 7c9d 1272 6787 6473 99gf defd,
1800,0,,,2017-11-23 11:32:30,cac9 8787 774f 99aa 4111 7577 c9c7 b2b1 7888 3888 gfaa dcfc,
1801,0,,,2017-11-23 11:32:42,9ca9 7787 7a22 9gga 6464 7575 c9c9 4b1b 5777 6684 ffag cdfe,
1802,0,,,2017-11-23 11:32:42,c9ac 7856 fa7f gfag 4646 7777 decf 1b11 6788 7864 gaga eeef,
1803,0,,,2017-11-23 11:32:42,9cca 8756 72f2 aaag 4446 7555 ce99 2742 7768 8873 afgg dddd,
1804,0,,,2017-11-23 11:32:42,ca9c 8755 7ffa ggff 4466 7557 c7dd 2122 5678 6374 faaa ecfc,
1805,0,,,2017-11-23 11:33:14,aaca 6757 f42f afaf 1141 7577 dc9d 4b4b 8678 3736 g9ga fcdc,
1806,0,,,2017-11-23 11:33:14,c99a 8876 24f4 9gfa 6414 7755 dcf9 4111 7687 7446 9fgg cdec,
1807,0,,,2017-11-23 11:33:14,cc9a 6687 2a22 a9gf 6111 7755 9e77 4711 7867 4766 g9ag cece,
1808,0,,,2017-11-23 11:33:14,a99c 8857 7424 gaag 4141 5555 e797 4114 6778 4778 9gga dcef,
1809,0,,,2017-11-23 11:33:38,99cc 6775 f747 f9af 4441 7557 df97 7b7b 7878 6786 gfgg defc,
1810,0,,,2017-11-23 11:33:38,aca9 5558 f4ff f9fa 4414 7777 9eee 222b 7687 7873 ffaf eefe,
1811,0,,,2017-11-23 11:33:48,cccc 6685 2a22 99fg 1111 7557 edff 21b2 7877 6384 gfaa edfe,
1812,0,,,2017-11-23 11:33:55,9ccc 5787 4a7a aaag 4661 7757 e7c9 1b72 6687 4836 afff cded,
1813,0,,,2017-11-23 11:34:10,a999 5676 a4fa afag 6441 5757 ced7 1444 8867 6383 agga dddc,
1814,0,,,2017-11-23 11:36:48,aaca 5658 a4a4 9afa 6466 7575 777e 7b47 5678 4334 g9ff ccdf,
1815,0,,,2017-11-23 11:36:48,acc9 8776 27aa f9fg 1641 5755 7f97 7b71 5868 6488 f9ff eddf,
1816,0,,,2017-11-23 11:36:48,c9aa 5885 24ff agff 6644 5575 ce9d bb71 5868 6846 9faa ffee,
1817,0,,,2017-11-23 11:36:48,c999 7856 77a2 gafg 4666 7555 7f7d 7712 7687 6446 g9ga decc,
1818,0,,,2017-11-23 11:36:48,caaa 6856 472a 9agg 1444 7775 7cfe b117 6767 8346 9fag fddc,
1819,0,,,2017-11-23 11:36:48,cac9 7667 7aaa agaf 4644 5775 e9ef bb41 6687 8476 g9af dffd,
1820,0,,,2017-11-23 11:36:48,9c9c 6686 27f2 ffga 1611 7757 cde9 b244 5677 3343 99fa eedc,
1821,0,,,2017-11-23 11:36:48,c9a9 7676 2774 99aa 6144 5557 dec7 24b1 5678 3643 fgfa cdfc,
1822,0,,,2017-11-23 11:36:48,a999 7686 f77a 9gga 1141 5575 9fff b712 7887 6638 fggg eeec,
1823,0,,,2017-11-23 11:36:48,aaca 8776 2242 afff 6411 7575 ef99 44b7 8887 4783 f9fa fdde,
1824,0,,,2017-11-23 11:36:48,ac99 7666 44fa 9fgf 1611 5555 999f 241b 5688 8444 a9gg dddd,
1825,0,,,2017-11-23 11:36:48,caac 7675 2424 ffga 1666 5577 cccf 41b7 6678 8773 afga dddc,
1826,0,,,2017-11-23 11:37:06,9c9a 7665 7744 affg 1614 7577 d9d9 1247 5767 4866 a9ag dced,
1827,0,,,2017-11-23 11:37:06,9cc9 7577 aa42 99fa 1441 5577 7ee7 b222 5768 3783 a9ga ecef,
1828,0,,,2017-11-23 11:37:06,9cc9 5577 2a24 agga 1166 7755 f77d 1b24 7678 7788 faag edfe,
1829,0,,,2017-11-23 11:37:06,a9c9 7767 ff27 99gf 6414 5755 e7df 1447 7867 6443 fffa dfdd,
1830,0,,,2017-11-23 11:37:06,9cc9 6788 7474 afag 6466 7557 dce9 117b 6867 8838 fffa cddd,
1831,0,,,2017-11-23 11:37:06,aac9 5568 74ff a9ff 6444 5777 eddf b2b4 5878 7766 g9ag cede,
1832,0,,,2017-11-23 11:37:14,9cac 5575 7777 9fag 4666 5575 7edd 12b7 5788 6668 fafa ecfc,
1833,0,,,2017-11-23 11:37:40,ccca 7855 4fff ggfg 1111 7557 9ed9 122b 7667 6368 gaaf ccff,
1834,0,,,2017-11-23 11:37:40,aa9a 8586 af2a agaa 4466 5775 9d9e 2214 5787 3676 agag cdef,
1835,0,,,2017-11-23 11:38:04,cacc 5888 a44f afff 6161 7555 7d7f 7722 5867 6843 agga fddf,
1836,0,,,2017-11-23 11:38:04,ac99 7685 7a4f ffgg 4661 7755 de99 2774 8688 3483 ffga fddd,
1837,0,,,2017-11-23 11:38:04,a9ca 8688 fa24 gagf 4164 7557 edc9 747b 7678 3433 9gfg dfff,
1838,0,,,2017-11-23 11:38:18,ccac 5588 74a4 ffaf 6461 7577 f999 1447 6777 8668 9fgf cfef,
1839,0,,,2017-11-23 11:38:24,aaa9 8856 ff2a fgfg 1646 5557 d7cd 2b22 6668 3786 9aag cfce,
1840,0,,,2017-11-23 11:38:56,c999 8787 f742 9gga 1446 7775 ecff 4247 5877 7373 f9af eccc,
1841,0,,,2017-11-23 11:39:15,c9aa 6885 7422 fafg 6614 5557 cde7 4141 7788 8778 f9ff fecd,
1842,0,,,2017-11-23 11:39:15,9aa9 8588 4f77 gafa 4461 5757 7ce9 2722 8878 8843 99aa fcdc,
1843,0,,,2017-11-23 11:39:15,aaa9 8576 faf4 99ff 1614 7775 dd99 7277 7878 6883 ggag dccc,
1844,0,,,2017-11-23 11:39:15,9a99 6877 f7af fagg 6466 7775 ffdf 2117 7688 7874 fafa fcfd,
1845,0,,,2017-11-23 11:39:37,ccca 5775 4f72 g9fg 1144 5775 9ede 714b 6668 4834 9agf ceff,
1846,0,,,2017-11-23 11:39:37,9cc9 6577 a47a gaff 6461 7755 9eef 7111 7668 6773 fgag cfee,
1847,0,,,2017-11-23 11:40:06,99cc 5775 44a7 ggag 1466 5557 cc77 bb41 7777 3864 fafg dcee,
1848,0,,,2017-11-23 11:40:06,caac 6676 4ff7 affa 4611 5755 cd9d 7412 5787 3774 aagf cede,
1849,0,,,2017-11-23 11:40:16,c999 8665 f4af 99af 4664 7575 e77e b217 6788 4738 aaaa eecc,
1850,0,,,2017-11-23 11:40:16,c99a 8885 4a72 fgff 1141 7775 7ed7 1447 8767 4684 ffaf effc,
1851,0,,,2017-11-23 11:43:16,9cc9 8576 4fff 9agg 4114 5777 e7d7 1114 6778 4863 aaga fdee,
1852,0,,,2017-11-23 11:43:16,9cac 6768 a747 a9fa 6144 5577 9e77 244b 7777 8686 99af dede,
1853,0,,,2017-11-23 11:43:16,a9c9 6856 f472 9fgg 4414 7775 ee79 7b71 6877 7786 f9fa ffcf,
1854,0,,,2017-11-23 11:43:16,accc 7658 7422 gaaf 4114 5757 fc9d 14b7 8687 6338 affg efde,
1855,0,,,2017-11-23 11:43:16,acc9 6756 a7f4 9agg 1461 5777 ee7e 2112 8668 3438 aaag cecf,
1856,0,,,2017-11-23 11:43:16,aaca 8876 f427 aaag 4114 5755 edf7 1b74 6888 4888 9ggf ecde,
1857,0,,,2017-11-23 11:43:16,accc 6566 424f g9fg 4111 7575 ddc7 7b41 8768 6363 fafa eccd,
1858,0,,,2017-11-23 11:43:16,aac9 8856 2fff a9ga 1661 5575 9f7d b747 6887 3386 ffga ddde,
1859,0,,,2017-11-23 11:43:16,ac99 6877 aaff ffaa 4616 7755 ddff 447b 5887 4744 gggg dffd,
1860,0,,,2017-11-23 11:43:16,aa99 6568 a4af f9fa 4644 5755 779f 177b 8778 7774 gfag ccfe,
1861,0,,,2017-11-23 11:43:16,9aaa 5558 2af7 afgg 1461 7755 c97d 2472 7868 3864 9fgg feff,
1862,0,,,2017-11-23 11:43:21,ca9a 6658 4aa2 fgaf 1116 7757 977f b744 6877 4448 fafa edde,
1863,0,,,2017-11-23 11:43:21,caaa 5588 2244 9ffg 6114 5577 ec97 b7b7 5877 4676 g9ff fced,
1864,0,,,2017-11-23 11:43:21,aac9 6758 aa74 ffff 4611 5557 f79d 21b7 5688 4868 faaa cefe,
1865,0,,,2017-11-23 11:43:21,cca9 5776 7774 99ag 4441 5757 ffc9 2b27 8667 8644 9aaa cddc,
1866,0,,,2017-11-23 11:43:21,c9cc 8577 222f gagf 1111 5577 9ccd 24b2 7787 6784 agfg fcfd,
1867,0,,,2017-11-23 11:43:21,cc9a 5857 4277 faaf 4641 5575 eee9 4b14 5778 4378 ggaf fddc,
1868,0,,,2017-11-23 11:43:21,9a99 7887 74f7 fffa 6146 7775 df7d 724b 5868 3348 g9ag fdfc,
1869,0,,,2017-11-23 11:43:45,99ca 8885 a274 9faa 4664 7757 9dc7 b47b 8668 3333 g9fg ccef,
1870,0,,,2017-11-23 11:43:45,acca 5865 2242 9aga 6644 5757 cd7e 1142 7877 6788 9fgf efce,
1871,0,,,2017-11-23 11:43:45,9a9c 7885 4f47 fggf 1661 5557 d9c9 7242 7767 4473 99fg cdce,
1872,0,,,2017-11-23 11:44:09,aaaa 6855 4aa2 ggaa 4161 7755 ccf9 b422 5868 8344 f9gf fffe,
1873,0,,,2017-11-23 11:44:09,999c 5688 a7af ggfa 6444 7777 cd7e 772b 8678 8846 9gfa dffc,
1874,0,,,2017-11-23 11:46:32,aac9 7577 ff4f ggaf 1466 7757 edff 17b1 7668 7648 fgaf dedd,
1875,0,,,2017-11-23 11:46:35,ca99 6777 7a2f fffg 6646 5577 9eed 1271 8878 7438 agga fdce,
1876,0,,,2017-11-23 11:46:35,a9a9 7658 fa77 f9af 4444 7557 799d 1bb7 5767 3773 g9af fcce,
1877,0,,,2017-11-23 11:46:35,9aca 5557 2faa gfff 1641 5555 9dee 2b71 7887 3338 gggg dccc,
1878,0,,,2017-11-23 11:46:35,c9ca 5867 aa7f aaaf 4414 7555 c779 2471 5678 8883 f9ga dedf,
1879,0,,,2017-11-23 11:46:35,a9ca 5786 2a2a f9fa 1411 7555 cced 2472 5668 7884 aggf eecf,
1880,0,,,2017-11-23 11:46:35,caaa 8768 7f72 gafg 6411 5557 c9f9 74b7 6667 6378 fffa fdde,
1881,0,,,2017-11-23 11:46:35,9c99 7788 afa7 aagf 4446 5555 fdcf 7b1b 7777 4476 a9gg eefe,
1882,0,,,2017-11-23 11:46:35,9a9a 5657 fa4f 9agf 6114 5557 97ed 4147 8867 3483 aagf fded,
1883,0,,,2017-11-23 11:46:35,acac 8588 727f f9ff 4411 7755 cded 7472 7878 8768 aaaf cfec,
1884,0,,,2017-11-23 11:46:35,aacc 7776 f424 99fa 6144 5557 999e 74b1 5687 3743 9gaa ceee,
1885,0,,,2017-11-23 11:46:35,9999 5665 f7f7 g9af 6114 7757 cf9e 7144 6767 4863 9faa deef,
1886,0,,,2017-11-23 11:46:35,a9a9 8867 7f42 fgga 1414 5777 fcf7 24b1 5687 7886 faff eccd,
1887,0,,,2017-11-23 11:46:35,cacc 6557 2224 9faf 4664 5757 cc7f 72b2 5867 3363 affg eccd,
1888,0,,,2017-11-23 11:46:35,aa9c 5866 7f7a f9gg 6461 7557 ff97 7774 8887 8448 9ggg cfee,
1889,0,,,2017-11-23 11:47:22,aa9a 6785 4a24 fafg 1416 7757 dcee 2b1b 7877 8748 aaaa eeef,
1890,0,,,2017-11-23 11:47:22,9ca9 5868 f4fa fgga 4611 5775 e7f7 b4b4 7777 6384 a9gg eece,
1891,0,,,2017-11-23 11:47:25,cccc 5667 f727 gaaa 4646 5577 cdd7 147b 8868 7636 ffaf dede,
1892,0,,,2017-11-23 11:47:25,ccc9 8588 a74a afgf 6114 5775 fc9f 7122 6787 3776 agff feee,
1893,0,,,2017-11-23 11:47:25,99a9 6588 f447 gfag 4441 5777 77df 1741 5887 4674 aggg eeed,
1894,0,,,2017-11-23 11:47:36,c9c9 5656 f724 gaga 1666 5755 ef7e 4bb4 5788 8486 9ffg ceff,
1895,0,,,2017-11-23 11:48:38,99c9 5558 7272 9aga 1144 7755 7cde b74b 5678 6766 ggff fefd,
1896,0,,,2017-11-23 11:49:04,c9cc 7887 a742 9gaf 6164 5777 e9d9 2244 7777 6648 agfg cfdf,
1897,0,,,2017-11-23 11:49:04,9ccc 5767 af42 9ggg 4411 5757 fd97 4714 6887 3488 ffaf edfd,
1898,0,,,2017-11-23 11:49:32,caa9 7675 a224 9gga 4116 5757 ddf9 2414 7867 7363 fgfg edcc,
1899,0,,,2017-11-23 11:49:32,c9cc 7885 2a47 9fgf 1611 7775 c979 7447 7677 8763 agag cefd,
1900,0,,,2017-11-23 11:49:32,9a99 8858 fffa 9ffg 1466 5757 cd9f 1772 7867 8376 gafa ffed,
1901,0,,,2017-11-23 11:49:32,a9c9 5587 4ff2 gaaf 1166 7555 7cc9 b1b4 7868 7363 fafa fffd,
1902,0,,,2017-11-23 11:49:32,99ac 5677 4a27 9gaf 6641 5555 fcf7 11bb 6788 8874 9fgf cede,
1903,0,,,2017-11-23 11:49:32,9acc 6586 4f42 gfag 4661 7757 799d 1b22 5788 7486 fafa ccde,
1904,0,,,2017-11-23 11:49:32,9cac 5758 f4ff 9agg 6414 5757 7ffe 4471 5768 3738 g9af edfd,
1905,0,,,2017-11-23 11:49:32,a9c9 6857 afaf fggf 1414 7755 d979 4472 5887 6833 aafg fccf,
1906,0,,,2017-11-23 11:50:08,c9a9 7785 f747 f9ff 1444 7777 7d79 b7b2 8877 8833 gfaa fded,
1907,0,,,2017-11-23 11:50:08,aa9a 8658 aaaa 99aa 1641 7557 d99e 7212 5777 3476 aafa ceff,
1908,0,,,2017-11-23 11:50:08,ca99 6588 77a7 faaf 1441 5575 d977 b142 8777 3448 99fa ddcd,
1909,0,,,2017-11-23 11:50:08,9a9c 6686 2aa4 gagf 4611 5575 7e7f 4771 5887 6336 gggg ffff,
1910,0,,,2017-11-23 11:50:52,c9cc 6686 f272 g9fa 6141 5577 7e79 12b7 6878 8376 fagf cedd,
1911,0,,,2017-11-23 11:50:52,9aac 6867 77ff aaff 1614 7557 cfff 2b47 7668 8664 gafg cfed,
1912,0,,,2017-11-23 11:50:52,cccc 7766 2a2f f9ga 4446 5755 dcd9 1472 8668 8376 9ggf dccd,
1913,0,,,2017-11-23 11:50:52,aacc 6677 44a2 fgag 4616 7557 7edf 2b77 5777 3666 ggfa ddec,
1914,0,,,2017-11-23 11:51:14,9caa 8675 f774 gfgg 4644 5577 f9df b12b 7887 8673 9ggg edcc,
1915,0,,,2017-11-23 11:51:14,aaa9 8567 74a2 9fgg 4444 7777 77cf 4127 6887 7776 a9aa defd,
1916,0,,,2017-11-23 11:51:14,ac9c 7657 2a4a g9fa 1416 5577 9efe 7214 6678 8786 aggg ddcd,
1917,0,,,2017-11-23 11:52:14,c9c9 6586 4722 f9ag 6441 7757 97df 4142 7887 3838 ffff fddc,
1918,0,,,2017-11-23 11:52:14,99ca 6676 a272 gaga 6646 5575 79ef bbb1 7867 6436 agag dcff,
1919,0,,,2017-11-23 11:52:14,9ca9 6866 afaf gfag 1114 7557 77ce 177b 5667 8444 gaag ceee,
1920,0,,,2017-11-23 11:52:52,ac99 6887 f274 ffgf 1114 7557 ede7 4b17 6777 7774 ffga dfcf,
1921,0,,,2017-11-23 11:52:56,accc 6855 472f gffg 1416 7755 7e9d 7b24 7778 6688 agaa ecfd,
1922,0,,,2017-11-23 11:52:56,9aaa 5668 224a 9faa 6441 5755 7fdf 2bb2 5667 6748 gfaf fdee,
1923,0,,,2017-11-23 11:52:56,a9cc 7857 77ff fgff 1164 5777 fffd 7471 7778 6463 9aff cfec,
1924,0,,,2017-11-23 11:52:56,9aa9 6767 f2f2 ggag 4444 5577 9dee 2272 7788 6738 ggfg dfdc,
1925,0,,,2017-11-23 11:52:56,9acc 7578 7fa7 g9fg 6611 7577 ed79 b7b1 5688 6344 9aag cecc,
1926,0,,,2017-11-23 11:52:56,cacc 7565 2a7a ggfa 1644 5557 cef9 2b21 6668 8843 99gf defe,
1927,0,,,2017-11-23 11:53:17,99cc 7566 7f4f faff 4144 5755 7777 77b7 6788 6338 agag dedd,
1928,0,,,2017-11-23 11:53:17,c99c 8657 f72a fafg 6661 7755 9eee 1224 7788 7836 9aaf cedd,
1929,0,,,2017-11-23 11:53:34,acac 7865 444a g9ga 4661 5577 7ddf b17b 7788 3444 9fga ecec,
1930,0,,,2017-11-23 11:53:34,c9c9 6588 a724 9gaf 6116 5575 7d7f 22b1 8887 8778 g9gf cede,
1931,0,,,2017-11-23 11:53:48,ccc9 5767 a27a fgaa 4116 7575 9ec7 4774 5768 4773 gfgf ddfe,
1932,0,,,2017-11-23 11:54:20,acaa 7778 224a gfgf 6664 5757 fe7d 272b 8788 4484 afff dfee,
1933,0,,,2017-11-23 11:54:20,99ca 5666 aa74 g9fa 6116 5577 fffe 71b7 6877 7483 gfaf eeec,
1934,0,,,2017-11-23 11:54:20,a9c9 7585 2fff afaf 6414 7577 cd79 b4bb 8768 3488 ffaa cede,
1935,0,,,2017-11-23 11:54:41,9a9a 7778 f7af affa 4646 5555 e9fd b7b1 6678 3438 fgga fcfe,
1936,0,,,2017-11-23 11:54:48,c99a 8886 7a7a gagg 4114 5577 cfce 4474 5788 6873 agff cddd,
1937,0,,,2017-11-23 11:54:48,9cc9 6757 44fa gffa 4146 7755 e799 47b7 8668 3678 ggff fcfe,
1938,0,,,2017-11-23 11:54:58,9c99 7885 aa24 9aga 6141 5775 7e97 21b7 6787 3386 afaa dcff,
1939,0,,,2017-11-23 11:55:21,cc9a 5776 7faa gfff 1166 5557 c979 412b 6887 6366 99aa fdef,
1940,0,,,2017-11-23 11:55:21,9a9a 7677 faa4 agag 4144 7775 7eef 2777 8878 7484 fgfa cfdc,
1941,0,,,2017-11-23 11:55:23,9c9c 6655 f72a ffaa 4614 7557 ff99 2714 7877 3876 afaf fdfc,
1942,0,,,2017-11-23 11:55:49,99ca 6666 aa74 aafa 1141 5777 ceee 2441 5777 8473 g9gf dfdf,
1943,0,,,2017-11-23 11:55:49,99c9 7787 a222 fagf 1641 7577 cee7 4744 8878 7366 fffg dfde,
1944,0,,,2017-11-23 11:56:30,caa9 5587 4424 9fga 4116 7557 c97d 4441 8867 3446 agga edee,
1945,0,,,2017-11-23 11:56:36,ccca 8776 427a 9gag 6116 5575 fcde 2b1b 5688 6873 ffga cccf,
1946,0,,,2017-11-23 11:56:36,9c9a 6858 2a42 affa 6166 7575 cc7f 7441 7677 8633 99fa ecdd,
1947,0,,,2017-11-23 11:56:36,9cca 7568 274f gfff 6461 7755 f9ef 14b2 8867 4776 affa fccc,
1948,0,,,2017-11-23 11:56:36,aaaa 7865 4af4 agaa 4411 5775 f9f7 1b77 7687 6688 fffg ddff,
1949,0,,,2017-11-23 11:57:28,c99a 7588 24af agaa 4164 7755 ccc9 774b 7788 4348 g9gf edee,
1950,0,,,2017-11-23 11:57:37,a9c9 7856 fa47 g9fa 6661 5555 cecf 1742 7688 7373 gfff fdec,
1951,0,,,2017-11-23 11:57:37,99c9 8787 f774 aggf 1161 7575 fec9 4727 7867 4748 99ff dcfc,
1952,0,,,2017-11-23 11:57:37,c9aa 7888 7afa gafa 6641 7555 f779 277b 7778 3463 fffg efce,
1953,0,,,2017-11-23 11:57:37,caa9 8787 7fa4 faag 6466 5557 99d9 1b7b 7787 3738 a9gg ffec,
1954,0,,,2017-11-23 11:57:37,a9aa 8875 27aa ffgf 4466 5575 fe9f 717b 6768 6668 a9ag eeef,
1955,0,,,2017-11-23 11:57:52,cc9c 8665 4aaf fafg 6411 5755 e7ef 2121 7868 4876 99ga deec,
1956,0,,,2017-11-23 11:58:00,cc9a 7756 a42a f9ga 6611 7775 9f7d 27b1 7868 4448 99ga cfff,
1957,0,,,2017-11-23 11:58:29,99cc 5657 faf2 gaaf 6414 7757 ddff 4114 6678 8833 gfff ccde,
1958,0,,,2017-11-23 11:58:29,9c9c 6876 4f72 9agg 4464 5577 d9f7 4214 5878 3776 9aag deef,
1959,0,,,2017-11-23 11:58:29,9aaa 8657 77f7 gafa 1466 5575 97f9 714b 8768 3783 gfff fdcc,
1960,0,,,2017-11-23 12:00:08,9cac 8756 4a74 99gf 4161 7555 e9ef 1471 8867 3876 9afa edde,
1961,0,,,2017-11-23 12:00:08,c99a 5866 7ff7 f9aa 4641 5577 7cfe 2b11 6788 7433 a9ff ecdf,
1962,0,,,2017-11-23 12:00:15,aaca 8667 7222 afgg 4111 5775 df7f 4214 6787 6363 g9ga ddff,
1963,0,,,2017-11-23 12:00:15,ccc9 5586 7747 aaaf 6614 7775 777f b77b 7687 3678 ggfa dffd,
1964,0,,,2017-11-23 12:00:15,caca 7678 aa44 fgfg 6616 5555 9ccd b42b 6688 8873 99ff ddee,
1965,0,,,2017-11-23 12:00:15,aaa9 5565 a244 9aff 1664 7777 7eed 4271 7878 4778 gafg dfdd,
1966,0,,,2017-11-23 12:00:15,a9cc 7857 7a42 9ggg 6166 5575 fee9 7244 7677 4833 fggf ecfe,
1967,0,,,2017-11-23 12:00:15,acaa 5687 7ff2 99fg 6146 5755 e97e 1b12 7878 4333 9gag cfff,
1968,0,,,2017-11-23 12:00:15,c9c9 5787 442f gggg 6141 5555 7d9f 7b44 6677 7468 agaf efee,
1969,0,,,2017-11-23 12:00:15,a9cc 8588 7474 9gaa 1116 5775 7fcf b227 5668 7868 f9ag dced,
1970,0,,,2017-11-23 12:00:15,a99a 8855 2447 fggf 4446 7757 cfd7 4114 6788 6736 a9fg dfed,
1971,0,,,2017-11-23 12:00:32,acaa 5678 f727 gfaf 1464 5557 99c7 bb71 5867 3463 9aag fdfe,
1972,0,,,2017-11-23 12:01:27,c9cc 5886 7aa4 99gg 6641 7557 ccc7 711b 7877 7634 ggfg fdec,
1973,0,,,2017-11-23 12:02:11,ca9a 5778 274f gaag 6661 5757 eeee 2121 8887 4768 99ff fdee,
1974,0,,,2017-11-23 12:02:11,99cc 7686 f477 ffgf 1144 7577 ffdf 71b1 8868 6734 9fag eced,
1975,0,,,2017-11-23 12:02:11,9caa 7576 af22 fggf 4666 7777 fcf9 1242 5678 7878 fafg dced,
1976,0,,,2017-11-23 12:02:11,ca99 5765 24ff ffaf 4114 5555 cef9 b222 8668 3774 gggf effe,
1977,0,,,2017-11-23 12:02:11,9aa9 8656 7f44 9gga 6441 7575 fee9 1244 7887 4333 9gga defc,
1978,0,,,2017-11-23 12:02:11,aca9 8775 774f a9ga 4616 7555 7cd7 b472 8788 3778 afaf eefe,
1979,0,,,2017-11-23 12:02:11,99ac 6578 7f22 9ggf 1161 7755 7cce 1421 7677 8364 ffgf cdfd,
1980,0,,,2017-11-23 12:02:11,ccc9 5567 aa4a ggag 4646 7777 cefe 7122 6668 4846 aafa cefc,
1981,0,,,2017-11-23 12:02:11,aaa9 5877 ffaf affg 4416 7555 d77d 2127 7877 4843 g9ag ddcd,
1982,0,,,2017-11-23 12:02:46,ccac 5766 2fff gfgf 4166 7775 c7cf 4277 8678 4474 faaa dffe,
1983,0,,,2017-11-23 12:02:46,caca 8776 af74 ffag 1161 5757 fc9f b227 5668 3368 faaf dffe,
1984,0,,,2017-11-23 12:02:46,aaac 8866 ffa4 gfff 6616 5775 e9cf 1471 5788 4866 ggfa eeef,
1985,0,,,2017-11-23 12:02:46,acaa 7787 fff2 g9ga 1114 7557 de79 b12b 7677 4646 a9ff ccce,
1986,0,,,2017-11-23 12:02:58,caca 5678 7f72 agff 6416 5555 c7d7 2414 8687 7346 aaff cedd,
1987,0,,,2017-11-23 12:04:03,c999 8886 a7a7 9gaf 6161 5575 9dc7 b7b7 6668 3833 fagg cdcf,
1988,0,,,2017-11-23 12:04:03,9cc9 7777 a2af afag 4666 7757 fcf7 2277 8668 3346 9gaa efef,
1989,0,,,2017-11-23 12:04:03,cac9 6855 f242 gaaa 6446 5755 f9ee 4414 8777 6878 affg fffe,
1990,0,,,2017-11-23 12:04:03,ccc9 8678 aaf7 gagf 6616 7557 d9df b1bb 5688 4346 f9ff edfc,
1991,0,,,2017-11-23 12:04:03,9cca 6668 4a2a 99fg 1666 7757 7fcf 7141 5667 6644 ffgg eefc,
1992,0,,,2017-11-23 12:04:03,9c9c 8587 777a g9ff 4141 5575 dccd 4242 8887 6788 ggga dcff,
1993,0,,,2017-11-23 12:04:10,aa9a 5677 4422 ggaa 1146 7575 df79 7214 8668 4444 agag dddc,
1994,0,,,2017-11-23 12:04:17,9ca9 8667 7f4f 99aa 6414 5577 fe9d b474 7668 6334 g9ff cfff,
1995,0,,,2017-11-23 12:04:33,a999 6766 faa2 agag 1644 5557 9fee 24b7 6668 3733 a9gg cedd,
1996,0,,,2017-11-23 12:04:58,ca9c 6568 a427 afaf 4464 5577 97ee 2b41 8678 4448 affg decf,
1997,0,,,2017-11-23 12:04:58,caac 7665 4f44 9afa 6641 5575 7f7f 4b24 7667 8768 ffgg eddc,
1998,0,,,2017-11-23 12:04:58,acaa 8855 a74f fgfa 4146 7557 d9f7 b24b 6888 7334 gffg cfcf,
1999,0,,,2017-11-23 12:08:44,99c9 5867 7ff2 ggfa 4414 7575 f7ff 7474 5888 8646 99gf edde,
